-- phpMyAdmin SQL Dump
-- version 5.1.1
-- https://www.phpmyadmin.net/
--
-- Máy chủ: 127.0.0.1
-- Thời gian đã tạo: Th5 04, 2022 lúc 04:37 PM
-- Phiên bản máy phục vụ: 10.4.22-MariaDB
-- Phiên bản PHP: 8.1.2

SET SQL_MODE = "NO_AUTO_VALUE_ON_ZERO";
START TRANSACTION;
SET time_zone = "+00:00";


/*!40101 SET @OLD_CHARACTER_SET_CLIENT=@@CHARACTER_SET_CLIENT */;
/*!40101 SET @OLD_CHARACTER_SET_RESULTS=@@CHARACTER_SET_RESULTS */;
/*!40101 SET @OLD_COLLATION_CONNECTION=@@COLLATION_CONNECTION */;
/*!40101 SET NAMES utf8mb4 */;

--
-- Cơ sở dữ liệu: `diamondpet`
--

-- --------------------------------------------------------

--
-- Cấu trúc bảng cho bảng `contact`
--

CREATE TABLE `contact` (
  `id` bigint(20) UNSIGNED NOT NULL,
  `name` varchar(255) COLLATE utf8mb4_unicode_ci NOT NULL,
  `email` varchar(255) COLLATE utf8mb4_unicode_ci NOT NULL,
  `title` varchar(255) COLLATE utf8mb4_unicode_ci NOT NULL,
  `message` varchar(255) COLLATE utf8mb4_unicode_ci NOT NULL,
  `created_at` timestamp NULL DEFAULT NULL,
  `updated_at` timestamp NULL DEFAULT NULL
) ENGINE=InnoDB DEFAULT CHARSET=utf8mb4 COLLATE=utf8mb4_unicode_ci;

-- --------------------------------------------------------

--
-- Cấu trúc bảng cho bảng `failed_jobs`
--

CREATE TABLE `failed_jobs` (
  `id` bigint(20) UNSIGNED NOT NULL,
  `uuid` varchar(255) COLLATE utf8mb4_unicode_ci NOT NULL,
  `connection` text COLLATE utf8mb4_unicode_ci NOT NULL,
  `queue` text COLLATE utf8mb4_unicode_ci NOT NULL,
  `payload` longtext COLLATE utf8mb4_unicode_ci NOT NULL,
  `exception` longtext COLLATE utf8mb4_unicode_ci NOT NULL,
  `failed_at` timestamp NOT NULL DEFAULT current_timestamp()
) ENGINE=InnoDB DEFAULT CHARSET=utf8mb4 COLLATE=utf8mb4_unicode_ci;

-- --------------------------------------------------------

--
-- Cấu trúc bảng cho bảng `invoice`
--

CREATE TABLE `invoice` (
  `id` bigint(20) UNSIGNED NOT NULL,
  `payment_code` varchar(255) COLLATE utf8mb4_unicode_ci NOT NULL,
  `order_id` int(11) NOT NULL,
  `created_at` timestamp NULL DEFAULT NULL,
  `updated_at` timestamp NULL DEFAULT NULL
) ENGINE=InnoDB DEFAULT CHARSET=utf8mb4 COLLATE=utf8mb4_unicode_ci;

--
-- Đang đổ dữ liệu cho bảng `invoice`
--

INSERT INTO `invoice` (`id`, `payment_code`, `order_id`, `created_at`, `updated_at`) VALUES
(1, 'HcOkkjoWuxeE0qCQbWVs', 1, '2022-04-22 13:50:42', '2022-04-22 13:50:42'),
(2, 'T4ClIzd3ktms1yPJlKx6', 2, '2022-04-22 14:53:01', '2022-04-22 14:53:01'),
(3, 'kfdiOy1VsgC5iFKXdEb9', 3, '2022-04-22 14:55:09', '2022-04-22 14:55:09'),
(4, 'rAZNY2mG1prVOcLOWUaX', 4, '2022-04-23 04:30:25', '2022-04-23 04:30:25'),
(5, 'eiPdWHadXMZIzF8D9NuE', 5, '2022-04-23 04:30:42', '2022-04-23 04:30:42'),
(6, 'G2YqOFkzuhoyFB62MdKa', 6, '2022-04-23 04:38:25', '2022-04-23 04:38:25'),
(7, '6F3T8ppw25VgUaNipE6v', 7, '2022-04-23 04:38:39', '2022-04-23 04:38:39'),
(8, 'IDs6sNPDZNwgwONomXMF', 8, '2022-04-23 04:38:58', '2022-04-23 04:38:58'),
(9, 'FcHikmWs5nMq2udHlQML', 9, '2022-04-23 04:39:07', '2022-04-23 04:39:07'),
(10, 'ARLrfaCOjqWrPv0hbY8o', 10, '2022-04-23 04:39:17', '2022-04-23 04:39:17'),
(11, 'huaNbVASp0tch2hbrkj8', 11, '2022-04-23 04:39:28', '2022-04-23 04:39:28'),
(12, 'ryGZCUbvvpqMSER0uG6P', 12, '2022-04-23 04:39:36', '2022-04-23 04:39:36'),
(13, 'ToeCDdS5AXLBEK2L0xZx', 13, '2022-04-23 04:39:54', '2022-04-23 04:39:54'),
(14, 'UoaDUidpOhdldMNTJNha', 14, '2022-04-23 04:40:04', '2022-04-23 04:40:04'),
(15, 'xTj1fvPVfUCCLuAHnSpx', 15, '2022-04-24 03:11:24', '2022-04-24 03:11:24'),
(16, 'QIHsvYLutc4JQlS5Np0n', 16, '2022-04-24 03:11:33', '2022-04-24 03:11:33'),
(17, 'Iw3w0rtpWZ5hk8I9svRV', 17, '2022-04-24 03:11:43', '2022-04-24 03:11:43'),
(18, 'r72MXiZxPnyF4Cn6An7C', 18, '2022-04-24 03:12:00', '2022-04-24 03:12:00'),
(19, 'nZH28aTqTgGHZ4CFQxRG', 19, '2022-04-24 03:12:06', '2022-04-24 03:12:06'),
(20, '0gfKfmg7WquAMP38a0m3', 20, '2022-04-24 03:13:25', '2022-04-24 03:13:25'),
(21, 'rU2rnlTt0mW5Y1Dqb9Md', 21, '2022-04-24 04:20:37', '2022-04-24 04:20:37'),
(22, 'QmOIG07yifrccKp1ONNo', 22, '2022-04-24 04:20:45', '2022-04-24 04:20:45'),
(23, 'R1L0HXN4YUbW444lzKOp', 23, '2022-04-25 15:34:24', '2022-04-25 15:34:24'),
(24, 'zx7j2pVgGqrYNkC8r0sW', 24, '2022-04-25 15:34:31', '2022-04-25 15:34:31'),
(25, 'nEux6el9BKj5qaa8L0sd', 25, '2022-04-25 15:41:16', '2022-04-25 15:41:16'),
(26, 'nSuiTdhsQh8nyRRrvTYZ', 26, '2022-04-28 06:11:04', '2022-04-28 06:11:04'),
(27, 'ITAdhYM5pxW6P6VVBDMt', 27, '2022-04-28 06:12:09', '2022-04-28 06:12:09'),
(28, 'nbA4ZsvwHTWpDbquo4P6', 28, '2022-04-28 06:14:02', '2022-04-28 06:14:02'),
(29, 'ZtUgMdpGc1W4I2KGPzpt', 29, '2022-04-28 06:17:46', '2022-04-28 06:17:46'),
(30, 'OiUTWStnzTssVo41xcWG', 30, '2022-04-28 06:17:52', '2022-04-28 06:17:52'),
(31, 'Nvwn9eOUXzFHW80nhfpX', 31, '2022-04-28 06:17:59', '2022-04-28 06:17:59'),
(32, 'Bla7bmrtqxQXhhOD4H1p', 32, '2022-04-28 06:18:03', '2022-04-28 06:18:03'),
(33, 'bpOS4GMKWHUc8Kj6N8db', 33, '2022-04-28 06:18:10', '2022-04-28 06:18:10'),
(34, 'A9WpHHKJBB5Q2RgMkwnG', 34, '2022-04-28 06:18:25', '2022-04-28 06:18:25'),
(35, 'c7S6AzNovSkpReQH4zaR', 35, '2022-04-28 06:23:22', '2022-04-28 06:23:22'),
(36, 'AVrjHV4gC3jB60jhhIsR', 36, '2022-04-28 06:34:47', '2022-04-28 06:34:47'),
(37, 'F58hVrL8Gi6xiSlP3mmo', 37, '2022-04-28 06:35:01', '2022-04-28 06:35:01'),
(38, 'he39MATethFPkwddDBaU', 38, '2022-04-28 06:56:50', '2022-04-28 06:56:50'),
(39, 'rmK8P1xwluTNPiHH4wJh', 40, '2022-04-28 07:02:11', '2022-04-28 07:02:11'),
(40, 'e4Ui8IS5T4cKBfW2DqGM', 41, '2022-04-28 07:05:24', '2022-04-28 07:05:24'),
(41, '3SNhN4JvUkWvXrMycStY', 42, '2022-04-28 07:27:36', '2022-04-28 07:27:36'),
(42, 'DqbWNOpkpKP2MS2v7ZSe', 43, '2022-04-28 07:27:42', '2022-04-28 07:27:42'),
(43, 'IfkOP80VbVEYIkNRNMdS', 44, '2022-04-28 07:28:30', '2022-04-28 07:28:30'),
(44, 'IfkOP80VbVEYIkNRNMdS', 44, '2022-04-28 07:28:31', '2022-04-28 07:28:31'),
(45, 'KOi9VOuY0RN70P5UwtZz', 45, '2022-04-28 11:45:00', '2022-04-28 11:45:00'),
(46, 'jiWbHqPtqC67YhJtBMcs', 46, '2022-04-28 11:45:07', '2022-04-28 11:45:07'),
(47, 'Vi7qfUs1Ob29yoZOOOpi', 47, '2022-04-28 11:47:34', '2022-04-28 11:47:34'),
(48, 'E9k5uYNytFZqJV2vp37r', 48, '2022-04-28 11:49:12', '2022-04-28 11:49:12'),
(49, 'jjuI3bDQELoh7SVIuCwi', 49, '2022-04-28 11:49:18', '2022-04-28 11:49:18'),
(50, 'EY5cE8gBWKmwfrqEcu64', 50, '2022-04-28 11:52:03', '2022-04-28 11:52:03'),
(51, '0bkr0k7Xm1V9gDs26MSF', 51, '2022-04-28 11:52:10', '2022-04-28 11:52:10'),
(52, 'Oie012kgPj2cbTISCkTp', 52, '2022-04-28 11:52:20', '2022-04-28 11:52:20'),
(53, 'yhHc7iGxRX2Z1FYOTjIC', 53, '2022-04-28 12:04:16', '2022-04-28 12:04:16'),
(54, 'o9xbb4D4mu35fLCNLO0e', 54, '2022-04-28 12:04:20', '2022-04-28 12:04:20'),
(55, 'otAgymbqlzQg7tRtc5Ve', 55, '2022-04-28 12:07:18', '2022-04-28 12:07:18'),
(56, 'rSdA2mQyWZEuP5hRPvzH', 56, '2022-04-28 12:07:23', '2022-04-28 12:07:23'),
(57, 'D3ATX5w6AwWQvYC9khJ9', 58, '2022-04-28 12:09:33', '2022-04-28 12:09:33'),
(58, 'TGzhyYMzQ2sJQ6Ygg99c', 59, '2022-04-28 12:09:38', '2022-04-28 12:09:38'),
(59, '6eMMQjr2jWVe6Zq7danw', 60, '2022-04-29 14:35:12', '2022-04-29 14:35:12'),
(60, 'e3KTsTwy0TzZbTwtZ3Bj', 61, '2022-04-29 14:39:49', '2022-04-29 14:39:49'),
(61, 'mwxNhd0B3d0uZfXZXvil', 63, '2022-04-30 14:00:43', '2022-04-30 14:00:43'),
(62, 'phIHS1lrnrgzgrkbSIcz', 64, '2022-05-01 10:12:39', '2022-05-01 10:12:39'),
(63, 'phIHS1lrnrgzgrkbSIcz', 64, '2022-05-01 10:12:39', '2022-05-01 10:12:39'),
(64, 'CtY5sL5M6BBkw1NojCGj', 65, '2022-05-01 10:16:41', '2022-05-01 10:16:41'),
(65, '34FtteT7hJlNdB4pTHO8', 66, '2022-05-01 10:18:58', '2022-05-01 10:18:58'),
(66, '0L6rn3cjHZNHJ4LMxEtZ', 67, '2022-05-03 06:35:31', '2022-05-03 06:35:31'),
(67, '0L6rn3cjHZNHJ4LMxEtZ', 67, '2022-05-03 06:35:31', '2022-05-03 06:35:31'),
(68, 'Jdp5VI8NOKokGYUynxzw', 68, '2022-05-03 08:24:00', '2022-05-03 08:24:00'),
(69, 'fHPEO5fEhmfLuDwV7jeN', 69, '2022-05-03 08:26:22', '2022-05-03 08:26:22'),
(70, '15xD0NFo7HrNjczq4ysV', 70, '2022-05-03 08:28:50', '2022-05-03 08:28:50'),
(71, '15xD0NFo7HrNjczq4ysV', 70, '2022-05-03 08:28:50', '2022-05-03 08:28:50'),
(72, 'TehxCbdPEKyrSjd364aD', 71, '2022-05-03 10:51:28', '2022-05-03 10:51:28'),
(73, 'UtrFjR18lXtCvuOhvUFw', 72, '2022-05-03 15:10:30', '2022-05-03 15:10:30'),
(74, 'WTx0fKF0NwA0Xm9Ejv3Q', 73, '2022-05-03 15:49:23', '2022-05-03 15:49:23'),
(75, '9I0IMDdNPnNJhAgzlkPC', 74, '2022-05-03 15:49:29', '2022-05-03 15:49:29');

-- --------------------------------------------------------

--
-- Cấu trúc bảng cho bảng `invoice_doctor`
--

CREATE TABLE `invoice_doctor` (
  `id` bigint(20) UNSIGNED NOT NULL,
  `invoice_code` varchar(255) COLLATE utf8mb4_unicode_ci NOT NULL,
  `services` varchar(255) COLLATE utf8mb4_unicode_ci NOT NULL,
  `total` varchar(255) COLLATE utf8mb4_unicode_ci NOT NULL,
  `doctor_id` varchar(255) COLLATE utf8mb4_unicode_ci NOT NULL,
  `created_at` timestamp NULL DEFAULT NULL,
  `updated_at` timestamp NULL DEFAULT NULL
) ENGINE=InnoDB DEFAULT CHARSET=utf8mb4 COLLATE=utf8mb4_unicode_ci;

--
-- Đang đổ dữ liệu cho bảng `invoice_doctor`
--

INSERT INTO `invoice_doctor` (`id`, `invoice_code`, `services`, `total`, `doctor_id`, `created_at`, `updated_at`) VALUES
(1, '3856507095', '2,1', '13512312', '2', '2022-04-22 14:59:32', '2022-04-22 14:59:32'),
(2, '1797506170', '3,2', '1200123', '2', '2022-04-24 08:23:00', '2022-04-24 08:23:00'),
(3, '0949389199', '3,2', '1200123', '2', '2022-04-24 15:43:56', '2022-04-24 15:43:56'),
(4, '4509794596', '2,1', '1512312', '2', '2022-04-26 01:19:24', '2022-04-26 01:19:24'),
(5, '9272835156', '2,1', '1512312', '2', '2022-04-26 01:19:29', '2022-04-26 01:19:29'),
(6, '9524739604', '2,1', '1512312', '2', '2022-04-26 01:20:51', '2022-04-26 01:20:51'),
(7, '3122238402', '2,1', '1512312', '2', '2022-04-26 05:08:59', '2022-04-26 05:08:59'),
(8, '8023421400', '2,1', '1512312', '2', '2022-04-26 05:12:41', '2022-04-26 05:12:41'),
(9, '8322126718', '2', '1200000', '2', '2022-04-30 11:36:36', '2022-04-30 11:36:36'),
(10, '4691684209', '2', '1200000', '2', '2022-04-30 11:36:45', '2022-04-30 11:36:45'),
(11, '3404215926', '4,2', '1215000', '2', '2022-05-03 09:13:50', '2022-05-03 09:13:50'),
(12, '6955676370', '5,4,2', '1230000', '2', '2022-05-03 16:02:50', '2022-05-03 16:02:50'),
(13, '3586646159', '9,8', '1000000', '2', '2022-05-04 11:05:52', '2022-05-04 11:05:52'),
(14, '8008682401', '9,8', '1000000', '2', '2022-05-04 11:06:31', '2022-05-04 11:06:31');

-- --------------------------------------------------------

--
-- Cấu trúc bảng cho bảng `migrations`
--

CREATE TABLE `migrations` (
  `id` int(10) UNSIGNED NOT NULL,
  `migration` varchar(255) COLLATE utf8mb4_unicode_ci NOT NULL,
  `batch` int(11) NOT NULL
) ENGINE=InnoDB DEFAULT CHARSET=utf8mb4 COLLATE=utf8mb4_unicode_ci;

--
-- Đang đổ dữ liệu cho bảng `migrations`
--

INSERT INTO `migrations` (`id`, `migration`, `batch`) VALUES
(1, '2019_12_14_000001_create_personal_access_tokens_table', 1),
(2, '2022_03_16_000000_create_failed_jobs_table', 1),
(3, '2022_03_16_000000_create_users_table', 1),
(4, '2022_03_16_100000_create_password_resets_table', 1),
(5, '2022_03_16_182643_create_sessions_table', 1),
(6, '2022_03_16_183922_add_role__to_users_table', 1),
(7, '2022_03_16_194611_create_products_table', 1),
(8, '2022_03_16_200000_add_two_factor_columns_to_users_table', 1),
(9, '2022_03_17_025933_add_phone_and_dob_to_users_table', 1),
(10, '2022_03_17_030115_add_gender_to_users_table', 1),
(11, '2022_03_25_014956_create_payment_table', 1),
(12, '2022_03_25_054017_create_order_table', 1),
(13, '2022_03_25_054638_create_order_line_table', 1),
(14, '2022_03_25_104531_add_address_customer_to_payment_table', 1),
(15, '2022_03_25_104930_change_date_to_order_date_of_payment_table', 1),
(16, '2022_03_25_105134_change_payment_id_to_payment_code_of_payment_table', 1),
(17, '2022_03_25_114943_create_contact__table', 1),
(18, '2022_03_25_213745_create_storage_table', 1),
(19, '2022_03_28_063530_create_storage_history_table', 1),
(20, '2022_03_30_214654_add_employee_id_and_status_to_storage_history_table', 1),
(21, '2022_04_02_051611_create_invoice_table', 1),
(22, '2022_04_03_110008_change_type_of_payment_id_to_invoice_table', 1),
(23, '2022_04_04_051003_change_payment_id_to_payment_code_to_invoice_table', 1),
(24, '2022_04_05_090608_add_type_to_storage_history_table', 1),
(25, '2022_04_06_043156_add_type_to_products_table', 1),
(26, '2022_04_06_064127_add_users_id_to_payment_table', 1),
(27, '2022_04_07_152445_add_cmt_and_address_to_users_table', 1),
(28, '2022_04_12_230553_create_promotion_table', 1),
(29, '2022_04_15_000431_add_percent_to_promotion_table', 1),
(30, '2022_04_15_161854_create_schedule_table', 1),
(31, '2022_04_16_154627_add_status_to_order_table', 1),
(32, '2022_04_17_173454_add_status_to_schedule_table', 1),
(33, '2022_04_19_194239_create_service_table', 1),
(34, '2022_04_20_161528_create_product_clone_table', 1),
(35, '2022_04_21_015857_create_invoice_doctor_table', 1);

-- --------------------------------------------------------

--
-- Cấu trúc bảng cho bảng `order`
--

CREATE TABLE `order` (
  `id` bigint(20) UNSIGNED NOT NULL,
  `name_customer` varchar(255) COLLATE utf8mb4_unicode_ci NOT NULL,
  `phone_customer` varchar(255) COLLATE utf8mb4_unicode_ci NOT NULL,
  `address_customer` varchar(255) COLLATE utf8mb4_unicode_ci NOT NULL,
  `zip_code` varchar(255) COLLATE utf8mb4_unicode_ci DEFAULT NULL,
  `order_date` varchar(255) COLLATE utf8mb4_unicode_ci NOT NULL,
  `created_at` timestamp NULL DEFAULT NULL,
  `updated_at` timestamp NULL DEFAULT NULL,
  `status` varchar(255) COLLATE utf8mb4_unicode_ci NOT NULL
) ENGINE=InnoDB DEFAULT CHARSET=utf8mb4 COLLATE=utf8mb4_unicode_ci;

--
-- Đang đổ dữ liệu cho bảng `order`
--

INSERT INTO `order` (`id`, `name_customer`, `phone_customer`, `address_customer`, `zip_code`, `order_date`, `created_at`, `updated_at`, `status`) VALUES
(1, 'Vũ Việt Phương', '0912312312', 'Cầu Bươu Hà Nội', NULL, '2022-04-22', '2022-04-22 13:50:42', '2022-04-22 14:24:03', 'Đã giao hàng'),
(2, 'Vũ Việt Phương', '0915871395', 'Cầu Bươu Hà Nội', NULL, '2022-04-22', '2022-04-22 14:53:01', '2022-04-22 14:53:01', 'Chờ phê duyệt'),
(3, 'Vũ Việt Phương', '0915871395', 'Cầu Bươu Hà Nội', NULL, '2022-04-22', '2022-04-22 14:55:08', '2022-04-22 16:56:44', 'Đang giao hàng'),
(4, 'aaaaaaaaaaa', '0912312312', 'Cầu Bươu Hà Nội', NULL, '2022-04-23', '2022-04-23 04:30:25', '2022-04-23 04:30:25', 'Chờ phê duyệt'),
(5, 'Vũ Việt Phương', '0912312312', 'Cầu Bươu Hà Nội', NULL, '2022-04-23', '2022-04-23 04:30:42', '2022-04-23 04:30:42', 'Chờ phê duyệt'),
(6, 'Vũ Việt Phương', '0912312312', 'Cầu Bươu Hà Nội', NULL, '2022-04-23', '2022-04-23 04:38:25', '2022-04-23 04:38:25', 'Chờ phê duyệt'),
(7, 'Phuong', '0912312312', 'Cầu Bươu Hà Nội', NULL, '2022-04-23', '2022-04-23 04:38:39', '2022-04-23 04:38:39', 'Chờ phê duyệt'),
(8, 'dịch vụ chăm sóc thú cưng', '0912312312', 'Cầu Bươu Hà Nội', NULL, '2022-04-23', '2022-04-23 04:38:58', '2022-04-23 04:38:58', 'Chờ phê duyệt'),
(9, 'a', '0912312312', 'Cầu Bươu Hà Nội', NULL, '2022-04-23', '2022-04-23 04:39:07', '2022-04-23 04:39:07', 'Chờ phê duyệt'),
(10, 'bổ', '0912312312', 'Cầu Bươu Hà Nội', NULL, '2022-04-23', '2022-04-23 04:39:17', '2022-04-23 04:39:17', 'Chờ phê duyệt'),
(11, 'dịch vụ chăm sóc thú cưng', '0912312312', 'Cầu Bươu Hà Nội', NULL, '2022-04-23', '2022-04-23 04:39:28', '2022-04-23 04:39:28', 'Chờ phê duyệt'),
(12, 'aaaaaaaaaaa', '0912312312', 'Cầu Bươu Hà Nội', NULL, '2022-04-23', '2022-04-23 04:39:36', '2022-04-23 04:39:36', 'Chờ phê duyệt'),
(13, 'Đặng Tiến Thành', '0912312312', 'Cầu Bươu Hà Nội', NULL, '2022-04-23', '2022-04-23 04:39:54', '2022-04-23 04:39:54', 'Chờ phê duyệt'),
(14, 'Đặng Tiến Thành', '0912312312', 'Cầu Bươu Hà Nội', NULL, '2022-04-23', '2022-04-23 04:40:04', '2022-04-23 04:40:04', 'Chờ phê duyệt'),
(15, 'Phương', '0915871395', 'Cầu Bươu Hà Nội', NULL, '2022-04-24', '2022-04-24 03:11:24', '2022-04-24 03:11:24', 'Chờ phê duyệt'),
(16, 'Phương', '0915871395', 'Cầu Bươu Hà Nội', NULL, '2022-04-24', '2022-04-24 03:11:33', '2022-04-24 03:11:33', 'Chờ phê duyệt'),
(17, 'Phương FPT', '0915871395', 'Cầu Bươu Hà Nội', NULL, '2022-04-24', '2022-04-24 03:11:43', '2022-04-24 03:11:43', 'Chờ phê duyệt'),
(18, 'Phương', '0915871395', 'Cầu Bươu Hà Nội', NULL, '2022-04-24', '2022-04-24 03:12:00', '2022-04-24 03:12:00', 'Chờ phê duyệt'),
(19, 'Phương', '0915871395', 'Cầu Bươu Hà Nội', NULL, '2022-04-24', '2022-04-24 03:12:06', '2022-04-24 03:12:06', 'Chờ phê duyệt'),
(20, 'Vũ Việt Phương', '0915871395', 'Cầu Bươu Hà Nội', NULL, '2022-04-24', '2022-04-24 03:13:25', '2022-04-24 03:13:25', 'Chờ phê duyệt'),
(21, 'Phuong', '0912312312', 'Cầu Bươu Hà Nội', NULL, '2022-04-24', '2022-04-24 04:20:37', '2022-04-25 10:16:36', 'Đang giao hàng'),
(22, 'Vũ Việt Phương', '0912312312', 'Cầu Bươu Hà Nội', NULL, '2022-04-24', '2022-04-24 04:20:45', '2022-04-24 04:20:45', 'Chờ phê duyệt'),
(23, 'Phương', '0915871395', 'Cầu Bươu Hà Nội', NULL, '2022-04-25', '2022-04-25 15:34:24', '2022-04-25 15:34:24', 'Chờ phê duyệt'),
(24, 'Phương FPT', '0915871395', 'Cầu Bươu Hà Nội', NULL, '2022-04-25', '2022-04-25 15:34:31', '2022-04-25 15:34:31', 'Chờ phê duyệt'),
(25, 'Vũ Việt Phương', '0915871395', 'Cầu Bươu Hà Nội', NULL, '2022-04-25', '2022-04-25 15:41:16', '2022-04-25 15:41:16', 'Chờ phê duyệt'),
(26, 'Vũ Việt Phương', '0915871395', 'Cầu Bươu Hà Nội', NULL, '2022-04-28', '2022-04-28 06:11:04', '2022-04-28 06:11:04', 'Chờ phê duyệt'),
(27, 'Vũ Việt Phương', '0915871395', 'Cầu Bươu Hà Nội', NULL, '2022-04-28', '2022-04-28 06:12:09', '2022-04-28 06:12:09', 'Chờ phê duyệt'),
(28, 'Vũ Việt Phương', '0915871395', 'Cầu Bươu Hà Nội', NULL, '2022-04-28', '2022-04-28 06:14:02', '2022-04-28 06:14:02', 'Chờ phê duyệt'),
(29, 'a', '0915871395', 'Cầu Bươu Hà Nội', NULL, '2022-04-28', '2022-04-28 06:17:46', '2022-04-28 06:17:46', 'Chờ phê duyệt'),
(30, 'adass', '0915871395', 'Cầu Bươu Hà Nội', NULL, '2022-04-28', '2022-04-28 06:17:52', '2022-04-28 06:17:52', 'Chờ phê duyệt'),
(31, 'Phương', '0915871395', 'Cầu Bươu Hà Nội', NULL, '2022-04-28', '2022-04-28 06:17:59', '2022-04-28 06:17:59', 'Chờ phê duyệt'),
(32, 'Phương', '0915871395', 'Cầu Bươu Hà Nội', NULL, '2022-04-28', '2022-04-28 06:18:03', '2022-04-28 06:18:03', 'Chờ phê duyệt'),
(33, 'Phương l', '0915871395', 'Cầu Bươu Hà Nội', NULL, '2022-04-28', '2022-04-28 06:18:10', '2022-04-28 06:18:10', 'Chờ phê duyệt'),
(34, 'Phương l', '0915871395', 'Cầu Bươu Hà Nội', NULL, '2022-04-28', '2022-04-28 06:18:25', '2022-04-28 06:18:25', 'Chờ phê duyệt'),
(35, 'dịch vụ chăm sóc thú cưng', '0912312312', 'aa', NULL, '2022-04-28', '2022-04-28 06:23:22', '2022-04-28 06:23:22', 'Chờ phê duyệt'),
(36, 'Vũ Việt Phương', '0912312312', 'Cầu Bươu Hà Nội', NULL, '2022-04-28', '2022-04-28 06:34:47', '2022-04-28 06:34:47', 'Chờ phê duyệt'),
(37, 'Vũ Việt Phương', '0912312312', 'Cầu Bươu Hà Nội', NULL, '2022-04-28', '2022-04-28 06:35:01', '2022-04-28 06:35:01', 'Chờ phê duyệt'),
(38, 'Vũ Việt Phương', '0912312312', 'Cầu Bươu Hà Nội', NULL, '2022-04-28', '2022-04-28 06:56:50', '2022-04-28 06:56:50', 'Chờ phê duyệt'),
(39, 'Vũ Việt Phương', '0912312312', 'Cầu Bươu Hà Nội', NULL, '2022-04-28', '2022-04-28 06:58:40', '2022-04-28 06:58:40', 'Chờ phê duyệt'),
(40, 'Vũ Việt Phương', '0912312312', 'Cầu Bươu Hà Nội', NULL, '2022-04-28', '2022-04-28 07:02:11', '2022-04-28 07:02:11', 'Chờ phê duyệt'),
(41, 'Vũ Việt Phương', '0915871395', 'Cầu Bươu Hà Nội', NULL, '2022-04-28', '2022-04-28 07:05:24', '2022-04-28 07:05:24', 'Chờ phê duyệt'),
(42, 'Phương', '0915871395', 'Cầu Bươu Hà Nội', NULL, '2022-04-28', '2022-04-28 07:27:36', '2022-04-28 07:27:36', 'Chờ phê duyệt'),
(43, 'Phương a', '0915871395', 'Cầu Bươu Hà Nội', NULL, '2022-04-28', '2022-04-28 07:27:42', '2022-04-28 07:27:42', 'Chờ phê duyệt'),
(44, 'Phương a', '0915871395', 'Cầu Bươu Hà Nội', NULL, '2022-04-28', '2022-04-28 07:28:30', '2022-04-28 07:28:30', 'Chờ phê duyệt'),
(45, 'Phương', '0915871395', 'Cầu Bươu Hà Nội', NULL, '2022-04-28', '2022-04-28 11:45:00', '2022-04-28 11:45:00', 'Chờ phê duyệt'),
(46, 'Phương l', '0915871395', 'Cầu Bươu Hà Nội', NULL, '2022-04-28', '2022-04-28 11:45:07', '2022-04-28 11:45:07', 'Chờ phê duyệt'),
(47, 'Phương a', '0915871395', 'Cầu Bươu Hà Nội', NULL, '2022-04-28', '2022-04-28 11:47:34', '2022-04-28 11:47:34', 'Chờ phê duyệt'),
(48, 'Phương', '0915871395', 'Cầu Bươu Hà Nội', NULL, '2022-04-28', '2022-04-28 11:49:12', '2022-04-28 11:49:12', 'Chờ phê duyệt'),
(49, 'Phương FPT', '0915871395', 'Cầu Bươu Hà Nội', NULL, '2022-04-28', '2022-04-28 11:49:18', '2022-04-28 11:49:18', 'Chờ phê duyệt'),
(50, 'Phương', '0915871395', 'Cầu Bươu Hà Nội', NULL, '2022-04-28', '2022-04-28 11:52:03', '2022-04-28 11:52:03', 'Chờ phê duyệt'),
(51, 'phươnga', '0915871395', 'Cầu Bươu Hà Nội', NULL, '2022-04-28', '2022-04-28 11:52:10', '2022-04-28 11:52:10', 'Chờ phê duyệt'),
(52, 'Vũ Việt Phương', '0915871395', 'Cầu Bươu Hà Nội', NULL, '2022-04-28', '2022-04-28 11:52:20', '2022-04-28 11:52:20', 'Chờ phê duyệt'),
(53, 'Phương', '0915871395', 'Cầu Bươu Hà Nội', NULL, '2022-04-28', '2022-04-28 12:04:16', '2022-04-28 12:04:16', 'Chờ phê duyệt'),
(54, 'Phương FPT', '0915871395', 'Cầu Bươu Hà Nội', NULL, '2022-04-28', '2022-04-28 12:04:20', '2022-04-28 12:04:20', 'Chờ phê duyệt'),
(55, 'Phương', '0915871395', 'Cầu Bươu Hà Nội', NULL, '2022-04-28', '2022-04-28 12:07:18', '2022-04-28 12:07:18', 'Chờ phê duyệt'),
(56, 'Phương FPT', '0915871395', 'Cầu Bươu Hà Nội', NULL, '2022-04-28', '2022-04-28 12:07:23', '2022-04-28 12:07:23', 'Chờ phê duyệt'),
(57, 'Phương FPT', '0915871395', 'Cầu Bươu Hà Nội', NULL, '2022-04-28', '2022-04-28 12:09:13', '2022-04-28 12:09:13', 'Chờ phê duyệt'),
(58, 'Phương', '0915871395', 'Cầu Bươu Hà Nội', NULL, '2022-04-28', '2022-04-28 12:09:33', '2022-04-28 12:09:33', 'Chờ phê duyệt'),
(59, 'Phương a', '0915871395', 'Cầu Bươu Hà Nội', NULL, '2022-04-28', '2022-04-28 12:09:38', '2022-04-28 12:09:38', 'Chờ phê duyệt'),
(60, 'Phương a', '0915871395', 'Cầu Bươu Hà Nội', NULL, '2022-04-29', '2022-04-29 14:35:12', '2022-04-29 14:35:12', 'Chờ phê duyệt'),
(61, 'Phương a', '0915871395', 'Cầu Bươu Hà Nội', NULL, '2022-04-29', '2022-04-29 14:39:49', '2022-04-29 14:39:49', 'Chờ phê duyệt'),
(62, 'a', '0915871395', 'a', NULL, '2022-04-30', '2022-04-30 13:45:32', '2022-04-30 13:45:32', 'Chờ phê duyệt'),
(63, 'Vũ Việt Phương', '0012312312', 'Cầu Bươu Hà Nội', NULL, '2022-04-30', '2022-04-30 14:00:43', '2022-04-30 14:00:43', 'Chờ phê duyệt'),
(64, 'Phương a', '0915871395', 'Cầu Bươu Hà Nội', NULL, '2022-05-01', '2022-05-01 10:12:39', '2022-05-01 10:12:39', 'Chờ phê duyệt'),
(65, 'dịch vụ chăm sóc thú cưng', '0915871395', 'Cầu Bươu Hà Nội', NULL, '2022-05-01', '2022-05-01 10:16:41', '2022-05-01 10:16:41', 'Chờ phê duyệt'),
(66, 'dịch vụ chăm sóc thú cưng', '0915871395', 'Cầu Bươu Hà Nội', NULL, '2022-05-01', '2022-05-01 10:18:58', '2022-05-01 10:18:58', 'Chờ phê duyệt'),
(67, 'Phương FPT', '0915871395', 'Cầu Bươu Hà Nội', NULL, '2022-05-03', '2022-05-03 06:35:31', '2022-05-03 06:35:31', 'Chờ phê duyệt'),
(68, 'Vũ Việt Phương', '0915871395', 'Cầu Bươu Hà Nội', NULL, '2022-05-03', '2022-05-03 08:24:00', '2022-05-03 08:24:00', 'Chờ phê duyệt'),
(69, 'Vũ Việt Phương', '0915871395', 'Cầu Bươu Hà Nội', NULL, '2022-05-03', '2022-05-03 08:26:22', '2022-05-03 08:26:22', 'Chờ phê duyệt'),
(70, 'Phương a', '0915871395', 'Cầu Bươu Hà Nội', NULL, '2022-05-03', '2022-05-03 08:28:50', '2022-05-03 23:31:58', 'Đã giao hàng'),
(71, 'Phương FPT', '0915871395', 'Cầu Bươu Hà Nội', NULL, '2022-05-03', '2022-05-03 10:51:28', '2022-05-03 23:32:09', 'Đã giao hàng'),
(72, 'Phương a', '0915871395', 'Thanh Trì', NULL, '2022-05-03', '2022-05-03 15:10:30', '2022-05-04 00:04:59', 'Đang giao hàng'),
(73, 'Phương', '0915871395', 'Thanh Trì', NULL, '2022-05-03', '2022-05-03 15:49:23', '2022-05-03 23:20:15', 'Chờ phê duyệt'),
(74, 'Phương a', '0915871395', 'Thanh Trì', NULL, '2022-05-03', '2022-05-03 15:49:29', '2022-05-03 23:36:35', 'Đã giao hàng');

-- --------------------------------------------------------

--
-- Cấu trúc bảng cho bảng `order_line`
--

CREATE TABLE `order_line` (
  `id` bigint(20) UNSIGNED NOT NULL,
  `order_id` varchar(255) COLLATE utf8mb4_unicode_ci NOT NULL,
  `product_id` varchar(255) COLLATE utf8mb4_unicode_ci NOT NULL,
  `quantity` varchar(255) COLLATE utf8mb4_unicode_ci NOT NULL,
  `created_at` timestamp NULL DEFAULT NULL,
  `updated_at` timestamp NULL DEFAULT NULL
) ENGINE=InnoDB DEFAULT CHARSET=utf8mb4 COLLATE=utf8mb4_unicode_ci;

--
-- Đang đổ dữ liệu cho bảng `order_line`
--

INSERT INTO `order_line` (`id`, `order_id`, `product_id`, `quantity`, `created_at`, `updated_at`) VALUES
(1, '1', '1', '1', '2022-04-22 13:50:42', '2022-04-22 13:50:42'),
(2, '2', '1', '10', '2022-04-22 14:53:01', '2022-04-22 14:53:01'),
(3, '3', '2', '7', '2022-04-22 14:55:09', '2022-04-22 14:55:09'),
(4, '4', '3', '1', '2022-04-23 04:30:25', '2022-04-23 04:30:25'),
(5, '5', '3', '1', '2022-04-23 04:30:42', '2022-04-23 04:30:42'),
(6, '6', '2', '1', '2022-04-23 04:38:25', '2022-04-23 04:38:25'),
(7, '7', '2', '1', '2022-04-23 04:38:39', '2022-04-23 04:38:39'),
(8, '8', '2', '1', '2022-04-23 04:38:58', '2022-04-23 04:38:58'),
(9, '9', '2', '1', '2022-04-23 04:39:07', '2022-04-23 04:39:07'),
(10, '10', '2', '1', '2022-04-23 04:39:17', '2022-04-23 04:39:17'),
(11, '11', '2', '1', '2022-04-23 04:39:28', '2022-04-23 04:39:28'),
(12, '12', '2', '1', '2022-04-23 04:39:36', '2022-04-23 04:39:36'),
(13, '13', '2', '1', '2022-04-23 04:39:54', '2022-04-23 04:39:54'),
(14, '14', '2', '1', '2022-04-23 04:40:04', '2022-04-23 04:40:04'),
(15, '15', '4', '1', '2022-04-24 03:11:24', '2022-04-24 03:11:24'),
(16, '16', '4', '1', '2022-04-24 03:11:33', '2022-04-24 03:11:33'),
(17, '17', '4', '1', '2022-04-24 03:11:43', '2022-04-24 03:11:43'),
(18, '18', '4', '1', '2022-04-24 03:12:00', '2022-04-24 03:12:00'),
(19, '19', '4', '1', '2022-04-24 03:12:06', '2022-04-24 03:12:06'),
(20, '20', '4', '1', '2022-04-24 03:13:25', '2022-04-24 03:13:25'),
(21, '21', '1', '1', '2022-04-24 04:20:37', '2022-04-24 04:20:37'),
(22, '22', '1', '1', '2022-04-24 04:20:45', '2022-04-24 04:20:45'),
(23, '23', '2', '3', '2022-04-25 15:34:24', '2022-04-25 15:34:24'),
(24, '24', '2', '3', '2022-04-25 15:34:31', '2022-04-25 15:34:31'),
(25, '25', '1', '1', '2022-04-25 15:41:16', '2022-04-25 15:41:16'),
(26, '26', '1', '1', '2022-04-28 06:11:04', '2022-04-28 06:11:04'),
(27, '27', '1', '1', '2022-04-28 06:12:09', '2022-04-28 06:12:09'),
(28, '28', '1', '1', '2022-04-28 06:14:02', '2022-04-28 06:14:02'),
(29, '29', '1', '1', '2022-04-28 06:17:46', '2022-04-28 06:17:46'),
(30, '30', '1', '1', '2022-04-28 06:17:52', '2022-04-28 06:17:52'),
(31, '31', '1', '1', '2022-04-28 06:17:59', '2022-04-28 06:17:59'),
(32, '32', '1', '1', '2022-04-28 06:18:03', '2022-04-28 06:18:03'),
(33, '33', '1', '1', '2022-04-28 06:18:10', '2022-04-28 06:18:10'),
(34, '34', '1', '1', '2022-04-28 06:18:25', '2022-04-28 06:18:25'),
(35, '35', '1', '1', '2022-04-28 06:23:22', '2022-04-28 06:23:22'),
(36, '36', '4', '1', '2022-04-28 06:34:47', '2022-04-28 06:34:47'),
(37, '37', '4', '1', '2022-04-28 06:35:01', '2022-04-28 06:35:01'),
(38, '38', '3', '2', '2022-04-28 06:56:50', '2022-04-28 06:56:50'),
(39, '40', '3', '4', '2022-04-28 07:02:11', '2022-04-28 07:02:11'),
(40, '41', '3', '1', '2022-04-28 07:05:24', '2022-04-28 07:05:24'),
(41, '42', '3', '1', '2022-04-28 07:27:36', '2022-04-28 07:27:36'),
(42, '43', '3', '1', '2022-04-28 07:27:42', '2022-04-28 07:27:42'),
(43, '44', '3', '1', '2022-04-28 07:28:30', '2022-04-28 07:28:30'),
(44, '44', '4', '1', '2022-04-28 07:28:31', '2022-04-28 07:28:31'),
(45, '45', '3', '1', '2022-04-28 11:45:00', '2022-04-28 11:45:00'),
(46, '46', '3', '1', '2022-04-28 11:45:07', '2022-04-28 11:45:07'),
(47, '47', '4', '1', '2022-04-28 11:47:34', '2022-04-28 11:47:34'),
(48, '48', '3', '1', '2022-04-28 11:49:12', '2022-04-28 11:49:12'),
(49, '49', '3', '1', '2022-04-28 11:49:18', '2022-04-28 11:49:18'),
(50, '50', '4', '1', '2022-04-28 11:52:03', '2022-04-28 11:52:03'),
(51, '51', '4', '1', '2022-04-28 11:52:10', '2022-04-28 11:52:10'),
(52, '52', '4', '1', '2022-04-28 11:52:20', '2022-04-28 11:52:20'),
(53, '53', '4', '1', '2022-04-28 12:04:16', '2022-04-28 12:04:16'),
(54, '54', '4', '1', '2022-04-28 12:04:20', '2022-04-28 12:04:20'),
(55, '55', '4', '1', '2022-04-28 12:07:18', '2022-04-28 12:07:18'),
(56, '56', '4', '1', '2022-04-28 12:07:23', '2022-04-28 12:07:23'),
(57, '58', '4', '1', '2022-04-28 12:09:33', '2022-04-28 12:09:33'),
(58, '59', '4', '1', '2022-04-28 12:09:38', '2022-04-28 12:09:38'),
(59, '60', '3', '1', '2022-04-29 14:35:12', '2022-04-29 14:35:12'),
(60, '61', '3', '1', '2022-04-29 14:39:49', '2022-04-29 14:39:49'),
(61, '63', '3', '1', '2022-04-30 14:00:43', '2022-04-30 14:00:43'),
(62, '64', '1', '1', '2022-05-01 10:12:39', '2022-05-01 10:12:39'),
(63, '64', '4', '5', '2022-05-01 10:12:39', '2022-05-01 10:12:39'),
(64, '65', '2', '1', '2022-05-01 10:16:41', '2022-05-01 10:16:41'),
(65, '66', '2', '1', '2022-05-01 10:18:58', '2022-05-01 10:18:58'),
(66, '67', '2', '1', '2022-05-03 06:35:31', '2022-05-03 06:35:31'),
(67, '67', '4', '6', '2022-05-03 06:35:31', '2022-05-03 06:35:31'),
(68, '68', '2', '1', '2022-05-03 08:24:00', '2022-05-03 08:24:00'),
(69, '69', '2', '1', '2022-05-03 08:26:22', '2022-05-03 08:26:22'),
(70, '70', '2', '1', '2022-05-03 08:28:50', '2022-05-03 08:28:50'),
(71, '70', '4', '1', '2022-05-03 08:28:50', '2022-05-03 08:28:50'),
(72, '71', '4', '1', '2022-05-03 10:51:28', '2022-05-03 10:51:28'),
(73, '72', '13', '5', '2022-05-03 15:10:30', '2022-05-03 15:10:30'),
(74, '73', '13', '5', '2022-05-03 15:49:23', '2022-05-03 15:49:23'),
(75, '74', '13', '5', '2022-05-03 15:49:29', '2022-05-03 15:49:29');

-- --------------------------------------------------------

--
-- Cấu trúc bảng cho bảng `password_resets`
--

CREATE TABLE `password_resets` (
  `email` varchar(255) COLLATE utf8mb4_unicode_ci NOT NULL,
  `token` varchar(255) COLLATE utf8mb4_unicode_ci NOT NULL,
  `created_at` timestamp NULL DEFAULT NULL
) ENGINE=InnoDB DEFAULT CHARSET=utf8mb4 COLLATE=utf8mb4_unicode_ci;

-- --------------------------------------------------------

--
-- Cấu trúc bảng cho bảng `payment`
--

CREATE TABLE `payment` (
  `id` bigint(20) UNSIGNED NOT NULL,
  `payment_code` varchar(255) COLLATE utf8mb4_unicode_ci NOT NULL,
  `order_id` varchar(255) COLLATE utf8mb4_unicode_ci NOT NULL,
  `name_customer` varchar(255) COLLATE utf8mb4_unicode_ci NOT NULL,
  `phone_customer` varchar(255) COLLATE utf8mb4_unicode_ci NOT NULL,
  `order_date` varchar(255) COLLATE utf8mb4_unicode_ci NOT NULL,
  `cost` varchar(255) COLLATE utf8mb4_unicode_ci NOT NULL,
  `status_payment` varchar(255) COLLATE utf8mb4_unicode_ci NOT NULL,
  `created_at` timestamp NULL DEFAULT NULL,
  `updated_at` timestamp NULL DEFAULT NULL,
  `address_customer` varchar(255) COLLATE utf8mb4_unicode_ci NOT NULL,
  `users_id` int(11) DEFAULT NULL
) ENGINE=InnoDB DEFAULT CHARSET=utf8mb4 COLLATE=utf8mb4_unicode_ci;

--
-- Đang đổ dữ liệu cho bảng `payment`
--

INSERT INTO `payment` (`id`, `payment_code`, `order_id`, `name_customer`, `phone_customer`, `order_date`, `cost`, `status_payment`, `created_at`, `updated_at`, `address_customer`, `users_id`) VALUES
(2, 'T4ClIzd3ktms1yPJlKx6', '2', 'Vũ Việt Phương', '0915871395', '2022-04-22', '300000', 'Đang thanh toán', '2022-04-22 14:53:02', '2022-04-22 14:53:02', 'Cầu Bươu Hà Nội', 3),
(3, 'kfdiOy1VsgC5iFKXdEb9', '3', 'Vũ Việt Phương', '0915871395', '2022-04-22', '35000', 'Thành công', '2022-04-22 14:55:09', '2022-04-22 14:55:59', 'Cầu Bươu Hà Nội', 3),
(4, 'rAZNY2mG1prVOcLOWUaX', '4', 'aaaaaaaaaaa', '0912312312', '2022-04-23', '49993', 'Đang thanh toán', '2022-04-23 04:30:26', '2022-04-23 04:30:26', 'Cầu Bươu Hà Nội', NULL),
(5, 'eiPdWHadXMZIzF8D9NuE', '5', 'Vũ Việt Phương', '0912312312', '2022-04-23', '49993', 'Đang thanh toán', '2022-04-23 04:30:43', '2022-04-23 04:30:43', 'Cầu Bươu Hà Nội', NULL),
(6, 'G2YqOFkzuhoyFB62MdKa', '6', 'Vũ Việt Phương', '0912312312', '2022-04-23', '5000', 'Đang thanh toán', '2022-04-23 04:38:25', '2022-04-23 04:38:25', 'Cầu Bươu Hà Nội', NULL),
(7, '6F3T8ppw25VgUaNipE6v', '7', 'Phuong', '0912312312', '2022-04-23', '5000', 'Đang thanh toán', '2022-04-23 04:38:40', '2022-04-23 04:38:40', 'Cầu Bươu Hà Nội', NULL),
(8, 'IDs6sNPDZNwgwONomXMF', '8', 'dịch vụ chăm sóc thú cưng', '0912312312', '2022-04-23', '5000', 'Đang thanh toán', '2022-04-23 04:38:58', '2022-04-23 04:38:58', 'Cầu Bươu Hà Nội', NULL),
(9, 'FcHikmWs5nMq2udHlQML', '9', 'a', '0912312312', '2022-04-23', '5000', 'Đang thanh toán', '2022-04-23 04:39:07', '2022-04-23 04:39:07', 'Cầu Bươu Hà Nội', NULL),
(10, 'ARLrfaCOjqWrPv0hbY8o', '10', 'bổ', '0912312312', '2022-04-23', '5000', 'Đang thanh toán', '2022-04-23 04:39:17', '2022-04-23 04:39:17', 'Cầu Bươu Hà Nội', NULL),
(11, 'huaNbVASp0tch2hbrkj8', '11', 'dịch vụ chăm sóc thú cưng', '0912312312', '2022-04-23', '5000', 'Đang thanh toán', '2022-04-23 04:39:28', '2022-04-23 04:39:28', 'Cầu Bươu Hà Nội', NULL),
(12, 'ryGZCUbvvpqMSER0uG6P', '12', 'aaaaaaaaaaa', '0912312312', '2022-04-23', '5000', 'Đang thanh toán', '2022-04-23 04:39:36', '2022-04-23 04:39:36', 'Cầu Bươu Hà Nội', NULL),
(13, 'ToeCDdS5AXLBEK2L0xZx', '13', 'Đặng Tiến Thành', '0912312312', '2022-04-23', '5000', 'Đang thanh toán', '2022-04-23 04:39:54', '2022-04-23 04:39:54', 'Cầu Bươu Hà Nội', NULL),
(14, 'UoaDUidpOhdldMNTJNha', '14', 'Đặng Tiến Thành', '0912312312', '2022-04-23', '5000', 'Đang thanh toán', '2022-04-23 04:40:04', '2022-04-23 04:40:04', 'Cầu Bươu Hà Nội', NULL),
(15, 'xTj1fvPVfUCCLuAHnSpx', '15', 'Phương', '0915871395', '2022-04-24', '123423', 'Đang thanh toán', '2022-04-24 03:11:24', '2022-04-24 03:11:24', 'Cầu Bươu Hà Nội', 3),
(16, 'QIHsvYLutc4JQlS5Np0n', '16', 'Phương', '0915871395', '2022-04-24', '123423', 'Đang thanh toán', '2022-04-24 03:11:33', '2022-04-24 03:11:33', 'Cầu Bươu Hà Nội', 3),
(17, 'Iw3w0rtpWZ5hk8I9svRV', '17', 'Phương FPT', '0915871395', '2022-04-24', '123423', 'Đang thanh toán', '2022-04-24 03:11:44', '2022-04-24 03:11:44', 'Cầu Bươu Hà Nội', 3),
(18, 'r72MXiZxPnyF4Cn6An7C', '18', 'Phương', '0915871395', '2022-04-24', '123423', 'Đang thanh toán', '2022-04-24 03:12:00', '2022-04-24 03:12:00', 'Cầu Bươu Hà Nội', 3),
(19, 'nZH28aTqTgGHZ4CFQxRG', '19', 'Phương', '0915871395', '2022-04-24', '123423', 'Đang thanh toán', '2022-04-24 03:12:07', '2022-04-24 03:12:07', 'Cầu Bươu Hà Nội', 3),
(20, '0gfKfmg7WquAMP38a0m3', '20', 'Vũ Việt Phương', '0915871395', '2022-04-24', '123423', 'Thành công', '2022-04-24 03:13:25', '2022-04-24 03:15:43', 'Cầu Bươu Hà Nội', 3),
(21, 'rU2rnlTt0mW5Y1Dqb9Md', '21', 'Phuong', '0912312312', '2022-04-24', '30000', 'Đang thanh toán', '2022-04-24 04:20:38', '2022-04-24 04:20:38', 'Cầu Bươu Hà Nội', NULL),
(22, 'QmOIG07yifrccKp1ONNo', '22', 'Vũ Việt Phương', '0912312312', '2022-04-24', '30000', 'Thành công', '2022-04-24 04:20:45', '2022-04-24 04:21:35', 'Cầu Bươu Hà Nội', NULL),
(23, 'R1L0HXN4YUbW444lzKOp', '23', 'Phương', '0915871395', '2022-04-25', '15000', 'Đang thanh toán', '2022-04-25 15:34:25', '2022-04-25 15:34:25', 'Cầu Bươu Hà Nội', 3),
(24, 'zx7j2pVgGqrYNkC8r0sW', '24', 'Phương FPT', '0915871395', '2022-04-25', '15000', 'Thành công', '2022-04-25 15:34:31', '2022-04-25 15:35:21', 'Cầu Bươu Hà Nội', 3),
(25, 'nEux6el9BKj5qaa8L0sd', '25', 'Vũ Việt Phương', '0915871395', '2022-04-25', '30000', 'Đang thanh toán', '2022-04-25 15:41:17', '2022-04-25 15:41:17', 'Cầu Bươu Hà Nội', NULL),
(26, 'nSuiTdhsQh8nyRRrvTYZ', '26', 'Vũ Việt Phương', '0915871395', '2022-04-28', '30000', 'Đang thanh toán', '2022-04-28 06:11:04', '2022-04-28 06:11:04', 'Cầu Bươu Hà Nội', NULL),
(27, 'ITAdhYM5pxW6P6VVBDMt', '27', 'Vũ Việt Phương', '0915871395', '2022-04-28', '30000', 'Đang thanh toán', '2022-04-28 06:12:09', '2022-04-28 06:12:09', 'Cầu Bươu Hà Nội', NULL),
(28, 'nbA4ZsvwHTWpDbquo4P6', '28', 'Vũ Việt Phương', '0915871395', '2022-04-28', '30000', 'Đang thanh toán', '2022-04-28 06:14:02', '2022-04-28 06:14:02', 'Cầu Bươu Hà Nội', NULL),
(29, 'ZtUgMdpGc1W4I2KGPzpt', '29', 'a', '0915871395', '2022-04-28', '30000', 'Đang thanh toán', '2022-04-28 06:17:46', '2022-04-28 06:17:46', 'Cầu Bươu Hà Nội', NULL),
(30, 'OiUTWStnzTssVo41xcWG', '30', 'adass', '0915871395', '2022-04-28', '30000', 'Đang thanh toán', '2022-04-28 06:17:52', '2022-04-28 06:17:52', 'Cầu Bươu Hà Nội', NULL),
(31, 'Nvwn9eOUXzFHW80nhfpX', '31', 'Phương', '0915871395', '2022-04-28', '30000', 'Đang thanh toán', '2022-04-28 06:17:59', '2022-04-28 06:17:59', 'Cầu Bươu Hà Nội', NULL),
(32, 'Bla7bmrtqxQXhhOD4H1p', '32', 'Phương', '0915871395', '2022-04-28', '30000', 'Đang thanh toán', '2022-04-28 06:18:04', '2022-04-28 06:18:04', 'Cầu Bươu Hà Nội', NULL),
(33, 'bpOS4GMKWHUc8Kj6N8db', '33', 'Phương l', '0915871395', '2022-04-28', '30000', 'Đang thanh toán', '2022-04-28 06:18:10', '2022-04-28 06:18:10', 'Cầu Bươu Hà Nội', NULL),
(34, 'A9WpHHKJBB5Q2RgMkwnG', '34', 'Phương l', '0915871395', '2022-04-28', '30000', 'Đang thanh toán', '2022-04-28 06:18:25', '2022-04-28 06:18:25', 'Cầu Bươu Hà Nội', NULL),
(35, 'c7S6AzNovSkpReQH4zaR', '35', 'dịch vụ chăm sóc thú cưng', '0912312312', '2022-04-28', '30000', 'Đang thanh toán', '2022-04-28 06:23:22', '2022-04-28 06:23:22', 'aa', NULL),
(36, 'AVrjHV4gC3jB60jhhIsR', '36', 'Vũ Việt Phương', '0912312312', '2022-04-28', '123423', 'Đang thanh toán', '2022-04-28 06:34:47', '2022-04-28 06:34:47', 'Cầu Bươu Hà Nội', NULL),
(37, 'F58hVrL8Gi6xiSlP3mmo', '37', 'Vũ Việt Phương', '0912312312', '2022-04-28', '123423', 'Đang thanh toán', '2022-04-28 06:35:01', '2022-04-28 06:35:01', 'Cầu Bươu Hà Nội', NULL),
(38, 'he39MATethFPkwddDBaU', '38', 'Vũ Việt Phương', '0912312312', '2022-04-28', '99986', 'Thành công', '2022-04-28 06:56:51', '2022-04-28 06:57:29', 'Cầu Bươu Hà Nội', NULL),
(39, 'WuBrY8INi3VgyknM83mS', '39', 'Vũ Việt Phương', '0912312312', '2022-04-28', '0', 'Đang thanh toán', '2022-04-28 06:58:41', '2022-04-28 06:58:41', 'Cầu Bươu Hà Nội', NULL),
(40, 'rmK8P1xwluTNPiHH4wJh', '40', 'Vũ Việt Phương', '0912312312', '2022-04-28', '199972', 'Đang thanh toán', '2022-04-28 07:02:11', '2022-04-28 07:02:11', 'Cầu Bươu Hà Nội', NULL),
(41, 'e4Ui8IS5T4cKBfW2DqGM', '41', 'Vũ Việt Phương', '0915871395', '2022-04-28', '49993', 'Đang thanh toán', '2022-04-28 07:05:24', '2022-04-28 07:05:24', 'Cầu Bươu Hà Nội', NULL),
(42, '3SNhN4JvUkWvXrMycStY', '42', 'Phương', '0915871395', '2022-04-28', '49993', 'Đang thanh toán', '2022-04-28 07:27:36', '2022-04-28 07:27:36', 'Cầu Bươu Hà Nội', 3),
(43, 'DqbWNOpkpKP2MS2v7ZSe', '43', 'Phương a', '0915871395', '2022-04-28', '49993', 'Đang thanh toán', '2022-04-28 07:27:43', '2022-04-28 07:27:43', 'Cầu Bươu Hà Nội', 3),
(44, 'IfkOP80VbVEYIkNRNMdS', '44', 'Phương a', '0915871395', '2022-04-28', '173416', 'Đang thanh toán', '2022-04-28 07:28:31', '2022-04-28 07:28:31', 'Cầu Bươu Hà Nội', 3),
(45, 'KOi9VOuY0RN70P5UwtZz', '45', 'Phương', '0915871395', '2022-04-28', '49993', 'Đang thanh toán', '2022-04-28 11:45:01', '2022-04-28 11:45:01', 'Cầu Bươu Hà Nội', 3),
(46, 'jiWbHqPtqC67YhJtBMcs', '46', 'Phương l', '0915871395', '2022-04-28', '49993', 'Thành công', '2022-04-28 11:45:08', '2022-04-28 11:45:46', 'Cầu Bươu Hà Nội', 3),
(47, 'Vi7qfUs1Ob29yoZOOOpi', '47', 'Phương a', '0915871395', '2022-04-28', '123423', 'Thành công', '2022-04-28 11:47:34', '2022-04-28 11:48:02', 'Cầu Bươu Hà Nội', 3),
(48, 'E9k5uYNytFZqJV2vp37r', '48', 'Phương', '0915871395', '2022-04-28', '49993', 'Đang thanh toán', '2022-04-28 11:49:12', '2022-04-28 11:49:12', 'Cầu Bươu Hà Nội', 3),
(49, 'jjuI3bDQELoh7SVIuCwi', '49', 'Phương FPT', '0915871395', '2022-04-28', '49993', 'Thành công', '2022-04-28 11:49:19', '2022-04-28 11:49:51', 'Cầu Bươu Hà Nội', 3),
(50, 'EY5cE8gBWKmwfrqEcu64', '50', 'Phương', '0915871395', '2022-04-28', '123423', 'Đang thanh toán', '2022-04-28 11:52:03', '2022-04-28 11:52:03', 'Cầu Bươu Hà Nội', 3),
(51, '0bkr0k7Xm1V9gDs26MSF', '51', 'phươnga', '0915871395', '2022-04-28', '123423', 'Đang thanh toán', '2022-04-28 11:52:10', '2022-04-28 11:52:10', 'Cầu Bươu Hà Nội', 3),
(52, 'Oie012kgPj2cbTISCkTp', '52', 'Vũ Việt Phương', '0915871395', '2022-04-28', '123423', 'Thành công', '2022-04-28 11:52:20', '2022-04-28 11:53:09', 'Cầu Bươu Hà Nội', 3),
(53, 'yhHc7iGxRX2Z1FYOTjIC', '53', 'Phương', '0915871395', '2022-04-28', '123423', 'Đang thanh toán', '2022-04-28 12:04:16', '2022-04-28 12:04:16', 'Cầu Bươu Hà Nội', 3),
(54, 'o9xbb4D4mu35fLCNLO0e', '54', 'Phương FPT', '0915871395', '2022-04-28', '123423', 'Đang thanh toán', '2022-04-28 12:04:21', '2022-04-28 12:04:21', 'Cầu Bươu Hà Nội', 3),
(55, 'otAgymbqlzQg7tRtc5Ve', '55', 'Phương', '0915871395', '2022-04-28', '123423', 'Đang thanh toán', '2022-04-28 12:07:18', '2022-04-28 12:07:18', 'Cầu Bươu Hà Nội', 3),
(56, 'rSdA2mQyWZEuP5hRPvzH', '56', 'Phương FPT', '0915871395', '2022-04-28', '123423', 'Đang thanh toán', '2022-04-28 12:07:24', '2022-04-28 12:07:24', 'Cầu Bươu Hà Nội', 3),
(57, 'Dw5RtnAW66GVG7j1cuTC', '57', 'Phương FPT', '0915871395', '2022-04-28', '0', 'Đang thanh toán', '2022-04-28 12:09:13', '2022-04-28 12:09:13', 'Cầu Bươu Hà Nội', 3),
(58, 'D3ATX5w6AwWQvYC9khJ9', '58', 'Phương', '0915871395', '2022-04-28', '123423', 'Đang thanh toán', '2022-04-28 12:09:33', '2022-04-28 12:09:33', 'Cầu Bươu Hà Nội', 3),
(59, 'TGzhyYMzQ2sJQ6Ygg99c', '59', 'Phương a', '0915871395', '2022-04-28', '123423', 'Thành công', '2022-04-28 12:09:38', '2022-04-28 12:10:03', 'Cầu Bươu Hà Nội', 3),
(60, '6eMMQjr2jWVe6Zq7danw', '60', 'Phương a', '0915871395', '2022-04-29', '49993', 'Thành công', '2022-04-29 14:35:12', '2022-04-29 14:36:08', 'Cầu Bươu Hà Nội', 3),
(61, 'e3KTsTwy0TzZbTwtZ3Bj', '61', 'Phương a', '0915871395', '2022-04-29', '49993', 'Thành công', '2022-04-29 14:39:49', '2022-04-29 14:40:18', 'Cầu Bươu Hà Nội', 3),
(62, 'EfkOI5KKBV4g8aNRnvGS', '62', 'a', '0915871395', '2022-04-30', '0', 'Đang thanh toán', '2022-04-30 13:45:33', '2022-04-30 13:45:33', 'a', NULL),
(63, 'mwxNhd0B3d0uZfXZXvil', '63', 'Vũ Việt Phương', '0012312312', '2022-04-30', '44993.7', 'Thành công', '2022-04-30 14:00:43', '2022-04-30 14:01:22', 'Cầu Bươu Hà Nội', NULL),
(64, 'phIHS1lrnrgzgrkbSIcz', '64', 'Phương a', '0915871395', '2022-05-01', '582403.5', 'Thành công', '2022-05-01 10:12:39', '2022-05-01 10:13:23', 'Cầu Bươu Hà Nội', 3),
(65, 'CtY5sL5M6BBkw1NojCGj', '65', 'dịch vụ chăm sóc thú cưng', '0915871395', '2022-05-01', '5000', 'Thất Bại', '2022-05-01 10:16:42', '2022-05-01 10:16:42', 'Cầu Bươu Hà Nội', NULL),
(66, '34FtteT7hJlNdB4pTHO8', '66', 'dịch vụ chăm sóc thú cưng', '0915871395', '2022-05-01', '5000', 'Thất Bại', '2022-05-01 10:18:59', '2022-05-01 10:18:59', 'Cầu Bươu Hà Nội', NULL),
(67, '0L6rn3cjHZNHJ4LMxEtZ', '67', 'Phương FPT', '0915871395', '2022-05-03', '745538', 'Thất Bại', '2022-05-03 06:35:31', '2022-05-03 06:35:31', 'Cầu Bươu Hà Nội', 3),
(68, 'Jdp5VI8NOKokGYUynxzw', '68', 'Vũ Việt Phương', '0915871395', '2022-05-03', '4400', 'Thất Bại', '2022-05-03 08:24:00', '2022-05-03 08:24:00', 'Cầu Bươu Hà Nội', 3),
(69, 'fHPEO5fEhmfLuDwV7jeN', '69', 'Vũ Việt Phương', '0915871395', '2022-05-03', '4400', 'Thất Bại', '2022-05-03 08:26:23', '2022-05-03 08:26:23', 'Cầu Bươu Hà Nội', 3),
(70, '15xD0NFo7HrNjczq4ysV', '70', 'Phương a', '0915871395', '2022-05-03', '128423', 'Thành công', '2022-05-03 08:28:50', '2022-05-03 08:29:36', 'Cầu Bươu Hà Nội', 3),
(71, 'TehxCbdPEKyrSjd364aD', '71', 'Phương FPT', '0915871395', '2022-05-03', '123423', 'Thất Bại', '2022-05-03 10:51:29', '2022-05-03 10:51:29', 'Cầu Bươu Hà Nội', 3),
(72, 'UtrFjR18lXtCvuOhvUFw', '72', 'Phương a', '0915871395', '2022-05-03', '75000', 'Thành công', '2022-05-03 15:10:31', '2022-05-03 15:11:37', 'Thanh Trì', 3),
(73, 'WTx0fKF0NwA0Xm9Ejv3Q', '73', 'Phương', '0915871395', '2022-05-03', '69000', 'Thất Bại', '2022-05-03 15:49:24', '2022-05-03 15:49:24', 'Thanh Trì', 3),
(74, '9I0IMDdNPnNJhAgzlkPC', '74', 'Phương a', '0915871395', '2022-05-03', '69000', 'Thành công', '2022-05-03 15:49:30', '2022-05-03 15:50:55', 'Thanh Trì', 3);

-- --------------------------------------------------------

--
-- Cấu trúc bảng cho bảng `personal_access_tokens`
--

CREATE TABLE `personal_access_tokens` (
  `id` bigint(20) UNSIGNED NOT NULL,
  `tokenable_type` varchar(255) COLLATE utf8mb4_unicode_ci NOT NULL,
  `tokenable_id` bigint(20) UNSIGNED NOT NULL,
  `name` varchar(255) COLLATE utf8mb4_unicode_ci NOT NULL,
  `token` varchar(64) COLLATE utf8mb4_unicode_ci NOT NULL,
  `abilities` text COLLATE utf8mb4_unicode_ci DEFAULT NULL,
  `last_used_at` timestamp NULL DEFAULT NULL,
  `created_at` timestamp NULL DEFAULT NULL,
  `updated_at` timestamp NULL DEFAULT NULL
) ENGINE=InnoDB DEFAULT CHARSET=utf8mb4 COLLATE=utf8mb4_unicode_ci;

-- --------------------------------------------------------

--
-- Cấu trúc bảng cho bảng `products`
--

CREATE TABLE `products` (
  `id` bigint(20) UNSIGNED NOT NULL,
  `name` varchar(255) COLLATE utf8mb4_unicode_ci NOT NULL,
  `description` text COLLATE utf8mb4_unicode_ci NOT NULL,
  `price` double NOT NULL,
  `image` varchar(255) COLLATE utf8mb4_unicode_ci NOT NULL,
  `created_at` timestamp NULL DEFAULT NULL,
  `updated_at` timestamp NULL DEFAULT NULL,
  `type` varchar(255) COLLATE utf8mb4_unicode_ci NOT NULL
) ENGINE=InnoDB DEFAULT CHARSET=utf8mb4 COLLATE=utf8mb4_unicode_ci;

--
-- Đang đổ dữ liệu cho bảng `products`
--

INSERT INTO `products` (`id`, `name`, `description`, `price`, `image`, `created_at`, `updated_at`, `type`) VALUES
(1, 'Thức ăn cho mèo', 'Thức ăn cho mèo', 30000, '/uploads/product/product-1.png', '2022-04-22 08:29:42', '2022-04-22 08:29:42', 'Thực phẩm chức năng'),
(2, 'Thức ăn cho chó', 'Thức ăn cho chó', 5000, '/uploads/product/product-2.png', '2022-04-22 08:29:42', '2022-04-22 08:29:42', 'Thực phẩm chức năng'),
(3, 'Bổ sung chất cho mèo', 'Bổ sung chất cho mèo', 49993, '/uploads/product/product-3.png', '2022-04-22 08:29:42', '2022-04-22 08:29:42', 'Thực phẩm bổ sung'),
(4, 'Bổ sung chất cho chó', 'Bổ sung chất cho chó', 123423, '/uploads/product/product-4.png', '2022-04-22 08:29:42', '2022-04-22 08:29:42', 'Thực phẩm bổ sung'),
(13, 'THUỐC TẨY GIUN MERANTEL', '-Cách dùng và liều dùng: Dùng cho chó, mèo dưới 5kg, ngày 1 lần, 1 viên trong 1 ~ 2 ngày', 15000, '/uploads/product/thuoc-giun-merantel-L-444x444.jpg_1651489269', '2022-05-02 11:01:09', '2022-05-02 11:02:40', 'thuốc giun cho chó'),
(15, 'Thuốc tẩy Giun HeartGard Plus', 'Thuốc tẩy Giun HeartGard Plus\r\n\r\nViên màu Xanh dương cho Chó dưới 11,5kg giá 75k/viên\r\n\r\nViên màu Xanh lá cho Chó từ 11,5kg – 22,5kg giá 89k/viên\r\n\r\nViên màu Nâu cho Chó từ 22,5kg – 45kg giá 99k/viên', 75000, '/uploads/product/thuoc-giun.jpg_1651652530', '2022-05-04 08:22:10', '2022-05-04 08:22:10', 'thuốc giun cho chó'),
(16, 'Thuốc xịt trị ghẻ, ve rận ở Chó mèo Viatox', 'Viatox Spray 100ml giúp diệt và phòng bọ chét, ve, chấy, rận, ghẻ, ruồi, kiến, gián, mối, bọ, mạt.. ở chó, mèo\r\n\r\nCách sử dụng:\r\n\r\nLắc đều trước khi phun.\r\nPhun ngược chiều lông cho đều toàn thân, với khoảng cách 10 cm, đặc biệt là vùng đầu, tai, cổ, bàn chân và đuôi.\r\nVới bọ chét, ve: phun 2 lần cách nhau 10-15 ngày.\r\nGhẻ: phun 2 lần cách nhau 5-7 ngày.', 40000, '/uploads/product/thuốc xịt ghẻ 1.jpg_1651652732', '2022-05-04 08:25:32', '2022-05-04 08:25:32', 'thuốc xịt ghẻ'),
(17, 'Gáy Fronil Spot', 'Thuốc trị rận cho Chó mèo Fronil Spot giúp phòng và điều trị các loại ve và bọ chét trên Chó mèo. Sản phẩm duy trì hiệu quả đến 4 tuần đối với các loại ve và bọ chét.', 75000, '/uploads/product/thuoc-nho-gay-tri-ve-ran-fronil-spot-1.jpg_1651653094', '2022-05-04 08:31:34', '2022-05-04 08:31:34', 'Thuốc nhỏ trị rận bọ chét ve cho chó'),
(18, 'Thuốc Nhỏ Gáy Revolution', 'Trị ve, rận, bọ chét hiệu quả\r\nHiệu quả nhanh, không độc hại, không ảnh hưởng đến sức khỏe\r\nTác dụng khử mùi và chống vi khuẩn hiệu quả\r\nLưu giữ hương thơm tươi mát, dễ chịu', 90000, '/uploads/product/thuoc-nho-gay-revolution.jpg_1651653216', '2022-05-04 08:33:36', '2022-05-04 08:36:30', 'Thuốc nhỏ trị rận bọ chét ve cho chó'),
(19, 'Fay Power', 'Fay Power chai 100ml là sản phẩm rất được tin dùng khi điều trị ve rận bọ chét ở chó mèo:', 90000, '/uploads/product/thuoc-xit-fay-power-tri-ve-ran (1).jpg_1651653569', '2022-05-04 08:39:29', '2022-05-04 08:39:29', 'Thuốc nhỏ trị rận bọ chét ve cho chó'),
(20, 'Thuốc Tẩy Giun Bio-Rantel', 'Sản phẩm thuốc tẩy giun cho Chó mèo Bio-Rantel giúp tẩy sạch các loại giun sán ký sinh trong ruột Chó mèo như: Giun đũa, giun móc, giun tóc, sán dây, giun kim..', 12000, '/uploads/product/thuoc-tay-giun-cho-cho-Exotral-300x300.jpg_1651653782', '2022-05-04 08:43:02', '2022-05-04 08:43:02', 'thuốc tẩy giun');

-- --------------------------------------------------------

--
-- Cấu trúc bảng cho bảng `products_clone`
--

CREATE TABLE `products_clone` (
  `id` bigint(20) UNSIGNED NOT NULL,
  `name` varchar(255) COLLATE utf8mb4_unicode_ci NOT NULL,
  `description` varchar(255) COLLATE utf8mb4_unicode_ci NOT NULL,
  `price` varchar(255) COLLATE utf8mb4_unicode_ci NOT NULL,
  `image` varchar(255) COLLATE utf8mb4_unicode_ci NOT NULL,
  `type` varchar(255) COLLATE utf8mb4_unicode_ci NOT NULL,
  `created_at` timestamp NULL DEFAULT NULL,
  `updated_at` timestamp NULL DEFAULT NULL
) ENGINE=InnoDB DEFAULT CHARSET=utf8mb4 COLLATE=utf8mb4_unicode_ci;

--
-- Đang đổ dữ liệu cho bảng `products_clone`
--

INSERT INTO `products_clone` (`id`, `name`, `description`, `price`, `image`, `type`, `created_at`, `updated_at`) VALUES
(1, 'Thức ăn cho mèo', 'Thức ăn cho mèo', '30000', '/uploads/ProductClone/ProductClone-1.png', 'Thực phẩm chức năng', '2022-04-22 08:29:42', '2022-04-22 08:29:42'),
(2, 'Thức ăn cho chó', 'Thức ăn cho chó', '5000', '/uploads/ProductClone/ProductClone-2.png', 'Thực phẩm chức năng', '2022-04-22 08:29:42', '2022-04-22 08:29:42'),
(3, 'Bổ sung chất cho mèo', 'Bổ sung chất cho mèo', '49993', '/uploads/ProductClone/ProductClone-3.png', 'Thực phẩm bổ sung', '2022-04-22 08:29:42', '2022-04-22 08:29:42'),
(4, 'Bổ sung chất cho chó', 'Bổ sung chất cho chó', '123423', '/uploads/ProductClone/ProductClone-4.png', 'Thực phẩm bổ sung', '2022-04-22 08:29:42', '2022-04-22 08:29:42'),
(8, 'THUỐC TẨY GIUN MERANTEL', '-Tác dụng: Phòng ngừa và điều trị tất cả các loại nội ký sinh trùng đường tiêu hóa như  giun đũa, giun kim, giun tóc, giun móc …', '15000', '/uploads/product/thuoc-giun-merantel-L-444x444.jpg_1651489041', 'thuốc giun cho chó', '2022-05-02 10:57:21', '2022-05-02 10:57:21'),
(9, 'THUỐC TẨY GIUN MERANTEL', '-Tác dụng: Phòng ngừa và điều trị tất cả các loại nội ký sinh trùng đường tiêu hóa như  giun đũa, giun kim, giun tóc, giun móc …\r\n-Cách dùng và liều dùng: Dùng cho chó, mèo dưới 5kg, ngày 1 lần, 1 viên trong 1 ~ 2 ngày', '15000', '/uploads/product/thuoc-giun-merantel-L-444x444.jpg_1651489269', 'thuốc giun cho chó', '2022-05-02 11:01:09', '2022-05-02 11:01:09'),
(10, 'Thuốc tẩy Giun HeartGard Plus', 'Thuốc tẩy Giun HeartGard Plus\r\n\r\nViên màu Xanh dương cho Chó dưới 11,5kg giá 75k/viên\r\n\r\nViên màu Xanh lá cho Chó từ 11,5kg – 22,5kg giá 89k/viên\r\n\r\nViên màu Nâu cho Chó từ 22,5kg – 45kg giá 99k/viên', '75000', '/uploads/product/thuoc-giun.jpg_1651652530', 'thuốc giun cho chó', '2022-05-04 08:22:10', '2022-05-04 08:22:10'),
(11, 'Gáy Fronil Spot', 'Thuốc trị rận cho Chó mèo Fronil Spot giúp phòng và điều trị các loại ve và bọ chét trên Chó mèo. Sản phẩm duy trì hiệu quả đến 4 tuần đối với các loại ve và bọ chét.', '75000', '/uploads/product/thuoc-nho-gay-tri-ve-ran-fronil-spot-1.jpg_1651653094', 'Thuốc nhỏ trị rận bọ chét ve cho chó', '2022-05-04 08:31:34', '2022-05-04 08:31:34'),
(12, 'Thuốc Nhỏ Gáy Revolution', 'Ưu điểm của Revolution đó là khô nhanh và không bị hòa tan trong nước nên bạn có thể tắm cho chó khoảng 2 giờ sau khi dùng thuốc.', '90000', '/uploads/product/thuoc-nho-gay-revolution.jpg_1651653216', 'Thuốc nhỏ trị rận bọ chét ve cho chó', '2022-05-04 08:33:36', '2022-05-04 08:33:36'),
(13, 'Fay Power', 'Fay Power chai 100ml là sản phẩm rất được tin dùng khi điều trị ve rận bọ chét ở chó mèo:', '90000', '/uploads/product/thuoc-xit-fay-power-tri-ve-ran (1).jpg_1651653569', 'Thuốc nhỏ trị rận bọ chét ve cho chó', '2022-05-04 08:39:29', '2022-05-04 08:39:29'),
(14, 'Thuốc Tẩy Giun Bio-Rantel', 'Sản phẩm thuốc tẩy giun cho Chó mèo Bio-Rantel giúp tẩy sạch các loại giun sán ký sinh trong ruột Chó mèo như: Giun đũa, giun móc, giun tóc, sán dây, giun kim..', '12000', '/uploads/product/thuoc-tay-giun-cho-cho-Exotral-300x300.jpg_1651653782', 'thuốc tẩy giun', '2022-05-04 08:43:02', '2022-05-04 08:43:02');

-- --------------------------------------------------------

--
-- Cấu trúc bảng cho bảng `promotion`
--

CREATE TABLE `promotion` (
  `id` bigint(20) UNSIGNED NOT NULL,
  `promotion_code` varchar(255) COLLATE utf8mb4_unicode_ci NOT NULL,
  `start_date` varchar(255) COLLATE utf8mb4_unicode_ci NOT NULL,
  `expire_date` varchar(255) COLLATE utf8mb4_unicode_ci NOT NULL,
  `type` varchar(255) COLLATE utf8mb4_unicode_ci NOT NULL,
  `status` varchar(255) COLLATE utf8mb4_unicode_ci NOT NULL,
  `created_at` timestamp NULL DEFAULT NULL,
  `updated_at` timestamp NULL DEFAULT NULL,
  `percent` int(11) NOT NULL
) ENGINE=InnoDB DEFAULT CHARSET=utf8mb4 COLLATE=utf8mb4_unicode_ci;

--
-- Đang đổ dữ liệu cho bảng `promotion`
--

INSERT INTO `promotion` (`id`, `promotion_code`, `start_date`, `expire_date`, `type`, `status`, `created_at`, `updated_at`, `percent`) VALUES
(17, 'ZZe4ocfWA6', '2022-05-03 16:05:24', '2022-05-03 16:05:24', 'auto', 'on', '2022-05-03 09:05:24', '2022-05-03 09:05:24', 8),
(18, 'V1MGTUD9LM', '2022-05-03 16:05:24', '2022-05-03 16:05:24', 'auto', 'on', '2022-05-03 09:05:24', '2022-05-03 09:05:24', 8),
(19, '1AjhFSE2QW', '2022-05-03 16:05:24', '2022-05-03 16:05:24', 'auto', 'on', '2022-05-03 09:05:24', '2022-05-03 09:05:24', 8),
(20, 'kUcOdHGNR1', '2022-05-03 16:05:24', '2022-05-03 16:05:24', 'auto', 'on', '2022-05-03 09:05:24', '2022-05-03 09:05:24', 8),
(21, 'nGoeBhOQVM', '2022-05-03 16:05:24', '2022-05-03 16:05:24', 'auto', 'on', '2022-05-03 09:05:24', '2022-05-03 09:05:24', 8),
(22, 'Rhf4NAhJgY', '2022-05-03 16:05:24', '2022-05-03 16:05:24', 'auto', 'on', '2022-05-03 09:05:24', '2022-05-03 09:05:24', 8),
(23, 'wq3o1mQDc5', '2022-05-03 16:05:24', '2022-05-03 16:05:24', 'auto', 'on', '2022-05-03 09:05:24', '2022-05-03 09:05:24', 8),
(24, 'soUeLhFJlg', '2022-05-03 16:05:24', '2022-05-03 16:05:24', 'auto', 'on', '2022-05-03 09:05:24', '2022-05-03 09:05:24', 8),
(25, 'oqKDPmW8ex', '2022-05-03 16:05:24', '2022-05-03 16:05:24', 'auto', 'on', '2022-05-03 09:05:24', '2022-05-03 09:05:24', 8),
(26, 'W54UwLGTrG', '2022-05-03 16:05:24', '2022-05-03 16:05:24', 'auto', 'on', '2022-05-03 09:05:24', '2022-05-03 09:05:24', 8),
(27, 'a2YTQKkKbO', '2022-05-03 16:05:24', '2022-05-03 16:05:24', 'auto', 'on', '2022-05-03 09:05:24', '2022-05-03 09:05:24', 8),
(28, 'u3xFY0IDx4', '2022-05-03 16:05:24', '2022-05-03 16:05:24', 'auto', 'on', '2022-05-03 09:05:24', '2022-05-03 09:05:24', 8),
(29, 'oTrq2qJ2QD', '2022-05-03 16:05:24', '2022-05-03 16:05:24', 'auto', 'on', '2022-05-03 09:05:24', '2022-05-03 09:05:24', 8),
(30, 'Cic9Dd66y6', '2022-05-03 16:05:24', '2022-05-03 16:05:24', 'auto', 'on', '2022-05-03 09:05:24', '2022-05-03 09:05:24', 8),
(31, 'TwqSxk6PfC', '2022-05-03 16:05:24', '2022-05-03 16:05:24', 'auto', 'on', '2022-05-03 09:05:24', '2022-05-03 09:05:24', 8),
(32, 'auMTFtn3OR', '2022-05-03 16:05:24', '2022-05-03 16:05:24', 'auto', 'on', '2022-05-03 09:05:24', '2022-05-03 09:05:24', 8),
(33, 'ntAn0zw7Db', '2022-05-03 16:05:24', '2022-05-03 16:05:24', 'auto', 'on', '2022-05-03 09:05:24', '2022-05-03 09:05:24', 8),
(34, 'F16wSrlmS0', '2022-05-03 16:05:24', '2022-05-03 16:05:24', 'auto', 'on', '2022-05-03 09:05:24', '2022-05-03 09:05:24', 8),
(35, 'S7twZbm0m4', '2022-05-03 16:05:24', '2022-05-03 16:05:24', 'auto', 'on', '2022-05-03 09:05:24', '2022-05-03 09:05:24', 8),
(36, 'M4C7LP3Wrg', '2022-05-03 16:05:24', '2022-05-03 16:05:24', 'auto', 'on', '2022-05-03 09:05:24', '2022-05-03 09:05:24', 8),
(37, 'qbhgzaQTtQ', '2022-05-03 16:05:24', '2022-05-03 16:05:24', 'auto', 'on', '2022-05-03 09:05:24', '2022-05-03 09:05:24', 8),
(38, 'mEgDlnDvOh', '2022-05-03 16:05:24', '2022-05-03 16:05:24', 'auto', 'on', '2022-05-03 09:05:24', '2022-05-03 09:05:24', 8),
(39, 'aAUUUFkOj2', '2022-05-03 16:05:24', '2022-05-03 16:05:24', 'auto', 'on', '2022-05-03 09:05:24', '2022-05-03 09:05:24', 8),
(40, 'erpQP9iaZb', '2022-05-03 16:05:24', '2022-05-03 16:05:24', 'auto', 'on', '2022-05-03 09:05:24', '2022-05-03 09:05:24', 8),
(41, 'H3lMg6InB6', '2022-05-03 16:05:24', '2022-05-03 16:05:24', 'auto', 'on', '2022-05-03 09:05:24', '2022-05-03 09:05:24', 8),
(42, 'IpnRCaBvQb', '2022-05-03 16:05:24', '2022-05-03 16:05:24', 'auto', 'on', '2022-05-03 09:05:24', '2022-05-03 09:05:24', 8),
(43, 'JICBUJhXha', '2022-05-03 16:05:24', '2022-05-03 16:05:24', 'auto', 'on', '2022-05-03 09:05:24', '2022-05-03 09:05:24', 8),
(44, 'Xjwl34rlZh', '2022-05-03 16:05:24', '2022-05-03 16:05:24', 'auto', 'on', '2022-05-03 09:05:24', '2022-05-03 09:05:24', 8),
(45, 'Ic2gz9zi4s', '2022-05-03 16:05:24', '2022-05-03 16:05:24', 'auto', 'on', '2022-05-03 09:05:24', '2022-05-03 09:05:24', 8),
(46, 'DCGhsFAUmc', '2022-05-03 16:05:24', '2022-05-03 16:05:24', 'auto', 'on', '2022-05-03 09:05:24', '2022-05-03 09:05:24', 8),
(50, 'asssdaasda', '2022-05-04 06:55:35', '2022-05-04 06:55:35', 'add', 'on', '2022-05-03 23:55:35', '2022-05-03 23:55:35', 31);

-- --------------------------------------------------------

--
-- Cấu trúc bảng cho bảng `schedule`
--

CREATE TABLE `schedule` (
  `id` bigint(20) UNSIGNED NOT NULL,
  `doctor_id` int(11) NOT NULL,
  `customer_id` int(11) NOT NULL,
  `date` varchar(255) COLLATE utf8mb4_unicode_ci NOT NULL,
  `hours` varchar(255) COLLATE utf8mb4_unicode_ci NOT NULL,
  `note` varchar(255) COLLATE utf8mb4_unicode_ci DEFAULT NULL,
  `created_at` timestamp NULL DEFAULT NULL,
  `updated_at` timestamp NULL DEFAULT NULL,
  `status` int(11) DEFAULT NULL
) ENGINE=InnoDB DEFAULT CHARSET=utf8mb4 COLLATE=utf8mb4_unicode_ci;

--
-- Đang đổ dữ liệu cho bảng `schedule`
--

INSERT INTO `schedule` (`id`, `doctor_id`, `customer_id`, `date`, `hours`, `note`, `created_at`, `updated_at`, `status`) VALUES
(1, 2, 3, '2022-04-21', '18:00', 'lol', '2022-04-22 10:30:24', '2022-04-22 10:31:07', 1),
(2, 2, 3, '2022-04-22', '19:00', 'mệt', '2022-04-22 10:32:02', '2022-04-22 10:32:39', 1),
(3, 2, 3, '2022-04-22', '18:00', 'mệt', '2022-04-22 10:36:27', '2022-04-22 10:36:59', 2),
(4, 2, 3, '2022-04-22', '18:00', 'quá sức', '2022-04-22 10:40:07', '2022-04-22 11:03:03', 1),
(5, 2, 3, '2022-04-22', '22:00', 'a', '2022-04-22 14:57:57', '2022-04-22 14:59:00', 1),
(6, 4, 3, '2022-04-23', '19:00', 'Mệt', '2022-04-23 11:31:01', '2022-04-23 11:32:20', 1),
(7, 2, 3, '2022-04-24', '11:00', 'a', '2022-04-24 03:28:50', '2022-04-24 04:09:43', 1),
(8, 4, 3, '2022-04-25', '14:00', 'aaaa', '2022-04-24 04:14:35', '2022-04-30 11:35:39', 1),
(9, 2, 3, '2022-04-25', '11:00', NULL, '2022-04-25 03:50:36', '2022-04-25 15:39:06', 1),
(10, 2, 3, '2022-04-26', '09:00', 'aaa', '2022-04-26 01:16:37', '2022-04-26 01:17:02', 1),
(11, 2, 3, '2022-04-26', '11:00', 'aaaa', '2022-04-26 03:35:44', '2022-04-26 03:36:32', 1),
(12, 2, 3, '2022-04-30', '09:00', 'a', '2022-04-30 01:51:19', '2022-04-30 01:52:00', 1),
(13, 2, 3, '2022-04-30', '10:00', 'aaa', '2022-04-30 01:52:32', '2022-04-30 01:52:32', NULL),
(14, 4, 3, '2022-05-02', '20:00', NULL, '2022-05-02 12:02:45', '2022-05-02 12:02:45', NULL),
(15, 2, 3, '2022-05-02', '14:00', 'Thú cưng đau bụng', '2022-05-03 06:31:46', '2022-05-03 16:01:34', 1),
(16, 2, 3, '2022-05-03', '17:00', 'a', '2022-05-03 09:10:18', '2022-05-03 09:12:11', 1),
(17, 4, 3, '2022-05-03', '23:00', 'bệnh', '2022-05-03 15:14:10', '2022-05-03 16:49:43', 2),
(18, 2, 3, '2022-05-04', '15:00', 'aa', '2022-05-04 08:02:10', '2022-05-04 11:05:12', 1);

-- --------------------------------------------------------

--
-- Cấu trúc bảng cho bảng `service`
--

CREATE TABLE `service` (
  `id` bigint(20) UNSIGNED NOT NULL,
  `name` varchar(255) COLLATE utf8mb4_unicode_ci NOT NULL,
  `price` varchar(255) COLLATE utf8mb4_unicode_ci NOT NULL,
  `doctor_id` int(11) NOT NULL,
  `status` varchar(255) COLLATE utf8mb4_unicode_ci NOT NULL,
  `created_at` timestamp NULL DEFAULT NULL,
  `updated_at` timestamp NULL DEFAULT NULL
) ENGINE=InnoDB DEFAULT CHARSET=utf8mb4 COLLATE=utf8mb4_unicode_ci;

--
-- Đang đổ dữ liệu cho bảng `service`
--

INSERT INTO `service` (`id`, `name`, `price`, `doctor_id`, `status`, `created_at`, `updated_at`) VALUES
(2, 'dịch vụ dọn lông cho chó', '1200000', 2, '1', '2022-04-22 14:32:45', '2022-04-22 14:32:45'),
(4, 'dịch vụ chăm sóc thú cưng', '200000', 4, '1', '2022-05-03 09:09:11', '2022-05-04 00:27:12'),
(5, 'Dịch vụ mổ đẻ cho thú cưng', '15000', 4, '1', '2022-05-03 16:00:31', '2022-05-03 16:00:31'),
(6, 'Khám lâm sàng', '500000', 4, '1', '2022-05-04 00:12:00', '2022-05-04 00:23:16'),
(7, 'Chữa ghẻ chưa viêm da', '200000', 4, '1', '2022-05-04 00:20:44', '2022-05-04 00:20:44'),
(8, 'Siêu âm cho chó mèo', '100000', 2, '1', '2022-05-04 00:23:02', '2022-05-04 00:23:02'),
(9, 'Nội soi', '900000', 4, '1', '2022-05-04 00:24:00', '2022-05-04 00:24:00');

-- --------------------------------------------------------

--
-- Cấu trúc bảng cho bảng `sessions`
--

CREATE TABLE `sessions` (
  `id` varchar(255) COLLATE utf8mb4_unicode_ci NOT NULL,
  `user_id` bigint(20) UNSIGNED DEFAULT NULL,
  `ip_address` varchar(45) COLLATE utf8mb4_unicode_ci DEFAULT NULL,
  `user_agent` text COLLATE utf8mb4_unicode_ci DEFAULT NULL,
  `payload` text COLLATE utf8mb4_unicode_ci NOT NULL,
  `last_activity` int(11) NOT NULL
) ENGINE=InnoDB DEFAULT CHARSET=utf8mb4 COLLATE=utf8mb4_unicode_ci;

--
-- Đang đổ dữ liệu cho bảng `sessions`
--

INSERT INTO `sessions` (`id`, `user_id`, `ip_address`, `user_agent`, `payload`, `last_activity`) VALUES
('23LfeExrjw4VeH2kr4TBAiDVRppthgU0Z0lAkX9y', NULL, '127.0.0.1', 'Mozilla/5.0 (Windows NT 10.0; Win64; x64) AppleWebKit/537.36 (KHTML, like Gecko) Chrome/101.0.4951.54 Safari/537.36', 'YTozOntzOjY6Il90b2tlbiI7czo0MDoiclpxRFM4ZzJxbmdmSW1TTUNWOHJJUkZuR3hMQlVzc21WOXVWa3RrayI7czo2OiJfZmxhc2giO2E6Mjp7czozOiJvbGQiO2E6MDp7fXM6MzoibmV3IjthOjA6e319czo5OiJfcHJldmlvdXMiO2E6MTp7czozOiJ1cmwiO3M6Mjk6Imh0dHA6Ly8xMjcuMC4wLjE6ODAwMC9wcm9kdWN0Ijt9fQ==', 1651654826),
('5GxiyMx6IRwNp9yqflEkr8YkSE52QeCcW6JsBfA9', NULL, '127.0.0.1', 'Mozilla/5.0 (Windows NT 10.0; Win64; x64) AppleWebKit/537.36 (KHTML, like Gecko) Chrome/101.0.4951.54 Safari/537.36', 'YTozOntzOjY6Il90b2tlbiI7czo0MDoiUWpQOFhzYkFvemtaRjBJTDhXVXByTGMzRm9KaDVVUG43a29WVlpqeiI7czo2OiJfZmxhc2giO2E6Mjp7czozOiJvbGQiO2E6MDp7fXM6MzoibmV3IjthOjA6e319czo5OiJfcHJldmlvdXMiO2E6MTp7czozOiJ1cmwiO3M6NDg6Imh0dHA6Ly8xMjcuMC4wLjE6ODAwMC9wcm9kdWN0P2FycmFuZ2U9YmVzdHNlbGxlciI7fX0=', 1651662721);

-- --------------------------------------------------------

--
-- Cấu trúc bảng cho bảng `storage`
--

CREATE TABLE `storage` (
  `id` bigint(20) UNSIGNED NOT NULL,
  `product_id` int(11) NOT NULL,
  `quantity` int(11) NOT NULL,
  `created_at` timestamp NULL DEFAULT NULL,
  `updated_at` timestamp NULL DEFAULT NULL
) ENGINE=InnoDB DEFAULT CHARSET=utf8mb4 COLLATE=utf8mb4_unicode_ci;

--
-- Đang đổ dữ liệu cho bảng `storage`
--
'quantity' =>
INSERT INTO `storage` (`id`, `product_id`, `quantity`, `created_at`, `updated_at`) VALUES
(1, 1, 3, '2022-04-22 08:29:42', '2022-05-01 10:13:23'),
(2, 2, 0, '2022-04-22 08:29:42', '2022-05-03 08:29:36'),
(3, 3, 0, '2022-04-22 08:29:42', '2022-04-30 14:01:22'),
(4, 4, 262, '2022-04-22 08:29:42', '2022-05-03 15:58:04'),
(5, 5, 0, '2022-04-23 11:50:15', '2022-04-23 11:50:15'),
(9, 13, 7, '2022-05-02 11:01:09', '2022-05-03 15:57:22'),
(10, 15, 0, '2022-05-04 08:22:10', '2022-05-04 08:22:10'),
(11, 17, 0, '2022-05-04 08:31:34', '2022-05-04 08:31:34'),
(12, 18, 0, '2022-05-04 08:33:36', '2022-05-04 08:33:36'),
(13, 19, 0, '2022-05-04 08:39:29', '2022-05-04 08:39:29'),
(14, 20, 0, '2022-05-04 08:43:02', '2022-05-04 08:43:02');

-- --------------------------------------------------------

--
-- Cấu trúc bảng cho bảng `storage_history`
--

CREATE TABLE `storage_history` (
  `id` bigint(20) UNSIGNED NOT NULL,
  `product_id` int(11) NOT NULL,
  `last_quantity` int(11) NOT NULL,
  `add_quantity` int(11) NOT NULL,
  `invoice` varchar(255) COLLATE utf8mb4_unicode_ci NOT NULL,
  `note` varchar(255) COLLATE utf8mb4_unicode_ci DEFAULT NULL,
  `employee` varchar(255) COLLATE utf8mb4_unicode_ci NOT NULL,
  `created_at` timestamp NULL DEFAULT NULL,
  `updated_at` timestamp NULL DEFAULT NULL,
  `status` int(11) NOT NULL,
  `employee_id` int(11) NOT NULL,
  `type` varchar(255) COLLATE utf8mb4_unicode_ci NOT NULL
) ENGINE=InnoDB DEFAULT CHARSET=utf8mb4 COLLATE=utf8mb4_unicode_ci;

--
-- Đang đổ dữ liệu cho bảng `storage_history`
--

INSERT INTO `storage_history` (`id`, `product_id`, `last_quantity`, `add_quantity`, `invoice`, `note`, `employee`, `created_at`, `updated_at`, `status`, `employee_id`, `type`) VALUES
(1, 4, 0, 123, '/uploads/storage/aaa.pdf_1650619175', 'a', 'Admin', '2022-04-22 09:19:35', '2022-04-22 09:19:35', 3, 1, 'import'),
(2, 4, 0, 123, '/uploads/storage/aaa.pdf_1650619175', 'a', 'Admin', '2022-04-22 09:19:35', '2022-04-22 09:19:35', 3, 1, 'import'),
(3, 4, 10, 123, '/uploads/storage/Khám bệnh _ Diamond Pet.pdf_1650639697', 'nhập từ bên B', 'Đặng Tiến Thành', '2022-04-22 15:01:37', '2022-04-22 15:01:37', 3, 5, 'import'),
(4, 3, 10, 123, '/uploads/storage/Khám bệnh _ Diamond Pet.pdf_1650639697', 'nhập từ bên A', 'Đặng Tiến Thành', '2022-04-22 15:01:37', '2022-04-22 15:01:37', 3, 5, 'import'),
(5, 4, 10, 123, '/uploads/storage/Khám bệnh _ Diamond Pet.pdf_1650639713', 'nhập từ bên B', 'Đặng Tiến Thành', '2022-04-22 15:01:53', '2022-04-22 15:01:53', 3, 5, 'import'),
(6, 4, 10, 1, '/uploads/storage/Khám bệnh _ Diamond Pet_Time.pdf_1650639740', 'bên Kho A', 'Đặng Tiến Thành', '2022-04-22 15:02:20', '2022-04-22 15:04:44', 1, 5, 'import'),
(7, 4, 11, 1, '/uploads/storage/Khám bệnh _ Diamond Pet.pdf_1650646818', 'l', 'Đặng Tiến Thành', '2022-04-22 17:00:18', '2022-04-22 17:00:18', 3, 5, 'import'),
(8, 4, 11, 123, '/uploads/storage/CapstoneProject_Final.pptx_1650646935', 'a', 'Đặng Tiến Thành', '2022-04-22 17:02:15', '2022-04-22 17:02:15', 3, 5, 'import'),
(9, 4, 11, 1, '/uploads/storage/Khám bệnh _ Diamond Pet.pdf_1650646967', 'lol', 'Đặng Tiến Thành', '2022-04-22 17:02:47', '2022-04-22 17:02:47', 3, 5, 'import'),
(10, 4, 11, 1, '/uploads/storage/Khám bệnh _ Diamond Pet.pdf_1650647218', 'lol', 'Đặng Tiến Thành', '2022-04-22 17:06:58', '2022-04-22 17:06:58', 3, 5, 'import'),
(11, 4, 11, 1, '/uploads/storage/Khám bệnh _ Diamond Pet.pdf_1650647223', 'lol', 'Đặng Tiến Thành', '2022-04-22 17:07:03', '2022-04-22 17:07:03', 3, 5, 'import'),
(12, 4, 11, 1, '/uploads/storage/Khám bệnh _ Diamond Pet.pdf_1650647223', 'lol', 'Đặng Tiến Thành', '2022-04-22 17:07:03', '2022-04-22 17:07:03', 3, 5, 'import'),
(13, 4, 11, 123, '/uploads/storage/Vu-Viet-Phuong-TopCV.vn-050422.161052.pdf_1650647261', 'lol', 'Đặng Tiến Thành', '2022-04-22 17:07:41', '2022-04-22 17:07:41', 3, 5, 'import'),
(14, 4, 11, 123, '/uploads/storage/Vu-Viet-Phuong-TopCV.vn-050422.161052.pdf_1650647261', 'lol', 'Đặng Tiến Thành', '2022-04-22 17:07:41', '2022-04-22 17:07:41', 3, 5, 'import'),
(15, 4, 11, 123, '/uploads/storage/Vu-Viet-Phuong-TopCV.vn-050422.161052.pdf_1650647261', 'lol', 'Đặng Tiến Thành', '2022-04-22 17:07:41', '2022-04-22 17:07:41', 3, 5, 'import'),
(16, 4, 11, 123, '/uploads/storage/Bug.txt_1650647285', 'aaa', 'Đặng Tiến Thành', '2022-04-22 17:08:05', '2022-04-22 17:08:05', 3, 5, 'import'),
(17, 4, 11, 123, '/uploads/storage/Bug.txt_1650647285', 'aaa', 'Đặng Tiến Thành', '2022-04-22 17:08:05', '2022-05-02 12:44:26', 1, 5, 'import'),
(18, 4, 11, 123, '/uploads/storage/Khám bệnh _ Diamond Pet_Time.pdf_1650647644', 'a', 'Đặng Tiến Thành', '2022-04-22 17:14:04', '2022-04-25 15:36:36', 1, 5, 'import'),
(19, 4, 11, 1, '/uploads/storage/CapstoneProject_Final.pptx_1650647665', 'a', 'Đặng Tiến Thành', '2022-04-22 17:14:25', '2022-04-24 08:50:28', 1, 5, 'import'),
(20, 4, 134, 1, '/uploads/storage/Report4_Software Design Documents.pdf_1650944885', 'a', 'Đặng Tiến Thành', '2022-04-26 03:48:05', '2022-04-26 04:04:08', 1, 5, 'export'),
(21, 4, 133, 123, '/uploads/storage/Report4_Software Design Documents.pdf_1650944897', 'a', 'Đặng Tiến Thành', '2022-04-26 03:48:17', '2022-04-26 03:49:14', 1, 5, 'export'),
(22, 4, 133, 110, '/uploads/storage/Report4_Software Design Documents.pdf_1650944984', 'a', 'Admin', '2022-04-26 03:49:44', '2022-04-26 03:49:44', 1, 1, 'export'),
(23, 1, 6, 2, '/uploads/storage/What Could Have Been - Sting_ Ray Chen.mp3_1651306959', 'a', 'Đặng Tiến Thành', '2022-04-30 08:22:39', '2022-04-30 08:23:21', 1, 5, 'export'),
(24, 13, 0, 123, '/uploads/storage/vong-co-tri-ve-ran-fleadom-virbac-444x444.jpg_1651496203', 'a', 'Đặng Tiến Thành', '2022-05-02 12:56:43', '2022-05-02 12:56:43', 3, 5, 'import'),
(25, 4, 0, 31, '/uploads/storage/thuoc-nho-gay-frontline-plus-cho-cho-mini-444x444.jpg_1651496203', 'a', 'Đặng Tiến Thành', '2022-05-02 12:56:43', '2022-05-02 12:56:43', 3, 5, 'import'),
(26, 13, 0, 123, '/uploads/storage/thuoc-giun-heartgard-cho-cho-444x444.jpg_1651568304', 'Đặng tiến Thành nhập hàng', 'Đặng Tiến Thành', '2022-05-03 08:58:24', '2022-05-03 08:58:24', 3, 5, 'import'),
(27, 13, 0, 123, '/uploads/storage/thuoc-giun-heartgard-cho-cho-444x444.jpg_1651568304', 'Đặng tiến Thành nhập hàng', 'Đặng Tiến Thành', '2022-05-03 08:58:24', '2022-05-03 12:49:00', 1, 5, 'import'),
(28, 4, 139, 123, '/uploads/storage/vong-co-tri-ve-ran-fleadom-virbac-444x444.jpg_1651593230', 'thông tin', 'Đặng Tiến Thành', '2022-05-03 15:53:50', '2022-05-03 15:58:04', 1, 5, 'import'),
(29, 13, 113, 106, '/uploads/storage/thuoc-nho-gay-frontline-plus-cho-cho-mini-444x444.jpg_1651593442', 'sản phẩm hỏng', 'Admin', '2022-05-03 15:57:22', '2022-05-03 15:57:22', 1, 1, 'export');

-- --------------------------------------------------------

--
-- Cấu trúc bảng cho bảng `users`
--

CREATE TABLE `users` (
  `id` bigint(20) UNSIGNED NOT NULL,
  `name` varchar(255) COLLATE utf8mb4_unicode_ci NOT NULL,
  `email` varchar(255) COLLATE utf8mb4_unicode_ci NOT NULL,
  `email_verified_at` timestamp NULL DEFAULT NULL,
  `password` varchar(255) COLLATE utf8mb4_unicode_ci NOT NULL,
  `two_factor_secret` text COLLATE utf8mb4_unicode_ci DEFAULT NULL,
  `two_factor_recovery_codes` text COLLATE utf8mb4_unicode_ci DEFAULT NULL,
  `remember_token` varchar(100) COLLATE utf8mb4_unicode_ci DEFAULT NULL,
  `current_team_id` bigint(20) UNSIGNED DEFAULT NULL,
  `profile_photo_path` varchar(2048) COLLATE utf8mb4_unicode_ci DEFAULT NULL,
  `created_at` timestamp NULL DEFAULT NULL,
  `updated_at` timestamp NULL DEFAULT NULL,
  `role` int(11) DEFAULT NULL,
  `phone` varchar(255) COLLATE utf8mb4_unicode_ci NOT NULL,
  `dob` varchar(255) COLLATE utf8mb4_unicode_ci NOT NULL,
  `gender` varchar(255) COLLATE utf8mb4_unicode_ci NOT NULL,
  `cmt` varchar(255) COLLATE utf8mb4_unicode_ci DEFAULT NULL,
  `address` varchar(255) COLLATE utf8mb4_unicode_ci DEFAULT NULL
) ENGINE=InnoDB DEFAULT CHARSET=utf8mb4 COLLATE=utf8mb4_unicode_ci;

--
-- Đang đổ dữ liệu cho bảng `users`
--

INSERT INTO `users` (`id`, `name`, `email`, `email_verified_at`, `password`, `two_factor_secret`, `two_factor_recovery_codes`, `remember_token`, `current_team_id`, `profile_photo_path`, `created_at`, `updated_at`, `role`, `phone`, `dob`, `gender`, `cmt`, `address`) VALUES
(1, 'Admin', 'diamondPetdiamond@gmail.com', '2021-10-27 00:23:38', '$2y$10$Gu3xYrBdY4lk6TqixG8c7.Y6HmYs7wkZwUbN8PNGJfhXdf9sbZj9C', NULL, NULL, NULL, NULL, NULL, '2021-10-27 17:43:47', NULL, 1, '123456789', '1995-24-02', '1', NULL, NULL),
(2, 'Thắng', 'summer@fpt.com.vn', '2022-04-22 08:31:00', '$2y$10$92LtAeytGX3rZ11CdsH1suWJFYmReh2XOjM4XbrNDKT/lnopm9XWO', NULL, NULL, NULL, NULL, NULL, '2022-04-22 08:31:00', '2022-04-22 15:06:37', 2, '0972642142', '1948-17-11', '1', '$2y$10$G.w7HUbnoNtZP.SBfaS5Ke5b8MGIboaUYjwiyQf4ymXg7XgAs6dti', NULL),
(3, 'Phương', 'vuphuong7599@gmail.com', '2022-04-22 08:37:19', '$2y$10$MGJvvN.qYMz3Xpq9cLEwhuajq6wib/RW2wnGHEK3leTjyCAnSjjba', NULL, NULL, 'Dlm4GdT4zBNpMapq3UCj5MEUxXkXHZJ0SuAg4PNOEq6REmTJYRnFjcF7shh2', NULL, NULL, '2022-04-22 08:37:19', '2022-05-03 08:11:18', 4, '0915871395', '1937-10-16', '1', NULL, NULL),
(4, 'Vũ Việt Phương', 'phuong@gmail.com', '2022-04-22 14:33:11', '$2y$10$DfPBQHM9rRc7FPgju5TziuGOkGJNTAdYdP0mErDsPzu.JVeWdecgG', NULL, NULL, NULL, NULL, NULL, '2022-04-22 14:33:11', '2022-04-22 14:33:11', 2, '0915871395', '1950-18-11', '1', NULL, NULL),
(5, 'Đặng Tiến Thành', 'Thanh123@gmail.com', '2022-04-22 14:34:38', '$2y$10$KvYrx5p1BfdC9NvYajPiPeV.5P5BbuMs1xOT2Tap3wHiEvaFQo6Au', NULL, NULL, NULL, NULL, NULL, '2022-04-22 14:34:38', '2022-04-22 14:34:38', 3, '0912312312', '1947-18-11', '1', NULL, NULL),
(6, 'Hải', 'hai123@gmail.com', '2022-04-23 11:47:01', '$2y$10$OEMbI7mMJMtByyFlS2FSU.1BqOg83T3sieR1C.1ObXjDR.KnLj/yW', NULL, NULL, NULL, NULL, NULL, '2022-04-23 11:47:01', '2022-04-23 11:47:01', 4, '0915871395', '1950-18-11', '1', NULL, NULL),
(10, 'Vũ Việt Phương', 'phuongvvhe130189@fpt.edu.vn', '2022-05-03 08:45:13', '$2y$10$h1wPtbqgXsLxjz96SN0DYODm3PBmCxio.47IMkSYZtaGjySDaGHuq', NULL, NULL, NULL, NULL, NULL, '2022-05-03 08:44:46', '2022-05-03 08:45:13', 4, '0901000000', '1948-12-18', '1', NULL, NULL);

--
-- Chỉ mục cho các bảng đã đổ
--

--
-- Chỉ mục cho bảng `contact`
--
ALTER TABLE `contact`
  ADD PRIMARY KEY (`id`);

--
-- Chỉ mục cho bảng `failed_jobs`
--
ALTER TABLE `failed_jobs`
  ADD PRIMARY KEY (`id`),
  ADD UNIQUE KEY `failed_jobs_uuid_unique` (`uuid`);

--
-- Chỉ mục cho bảng `invoice`
--
ALTER TABLE `invoice`
  ADD PRIMARY KEY (`id`);

--
-- Chỉ mục cho bảng `invoice_doctor`
--
ALTER TABLE `invoice_doctor`
  ADD PRIMARY KEY (`id`);

--
-- Chỉ mục cho bảng `migrations`
--
ALTER TABLE `migrations`
  ADD PRIMARY KEY (`id`);

--
-- Chỉ mục cho bảng `order`
--
ALTER TABLE `order`
  ADD PRIMARY KEY (`id`);

--
-- Chỉ mục cho bảng `order_line`
--
ALTER TABLE `order_line`
  ADD PRIMARY KEY (`id`);

--
-- Chỉ mục cho bảng `password_resets`
--
ALTER TABLE `password_resets`
  ADD KEY `password_resets_email_index` (`email`);

--
-- Chỉ mục cho bảng `payment`
--
ALTER TABLE `payment`
  ADD PRIMARY KEY (`id`);

--
-- Chỉ mục cho bảng `personal_access_tokens`
--
ALTER TABLE `personal_access_tokens`
  ADD PRIMARY KEY (`id`),
  ADD UNIQUE KEY `personal_access_tokens_token_unique` (`token`),
  ADD KEY `personal_access_tokens_tokenable_type_tokenable_id_index` (`tokenable_type`,`tokenable_id`);

--
-- Chỉ mục cho bảng `products`
--
ALTER TABLE `products`
  ADD PRIMARY KEY (`id`);

--
-- Chỉ mục cho bảng `products_clone`
--
ALTER TABLE `products_clone`
  ADD PRIMARY KEY (`id`);

--
-- Chỉ mục cho bảng `promotion`
--
ALTER TABLE `promotion`
  ADD PRIMARY KEY (`id`);

--
-- Chỉ mục cho bảng `schedule`
--
ALTER TABLE `schedule`
  ADD PRIMARY KEY (`id`);

--
-- Chỉ mục cho bảng `service`
--
ALTER TABLE `service`
  ADD PRIMARY KEY (`id`);

--
-- Chỉ mục cho bảng `sessions`
--
ALTER TABLE `sessions`
  ADD PRIMARY KEY (`id`),
  ADD KEY `sessions_user_id_index` (`user_id`),
  ADD KEY `sessions_last_activity_index` (`last_activity`);

--
-- Chỉ mục cho bảng `storage`
--
ALTER TABLE `storage`
  ADD PRIMARY KEY (`id`);

--
-- Chỉ mục cho bảng `storage_history`
--
ALTER TABLE `storage_history`
  ADD PRIMARY KEY (`id`);

--
-- Chỉ mục cho bảng `users`
--
ALTER TABLE `users`
  ADD PRIMARY KEY (`id`),
  ADD UNIQUE KEY `users_email_unique` (`email`);

--
-- AUTO_INCREMENT cho các bảng đã đổ
--

--
-- AUTO_INCREMENT cho bảng `contact`
--
ALTER TABLE `contact`
  MODIFY `id` bigint(20) UNSIGNED NOT NULL AUTO_INCREMENT;

--
-- AUTO_INCREMENT cho bảng `failed_jobs`
--
ALTER TABLE `failed_jobs`
  MODIFY `id` bigint(20) UNSIGNED NOT NULL AUTO_INCREMENT;

--
-- AUTO_INCREMENT cho bảng `invoice`
--
ALTER TABLE `invoice`
  MODIFY `id` bigint(20) UNSIGNED NOT NULL AUTO_INCREMENT, AUTO_INCREMENT=76;

--
-- AUTO_INCREMENT cho bảng `invoice_doctor`
--
ALTER TABLE `invoice_doctor`
  MODIFY `id` bigint(20) UNSIGNED NOT NULL AUTO_INCREMENT, AUTO_INCREMENT=15;

--
-- AUTO_INCREMENT cho bảng `migrations`
--
ALTER TABLE `migrations`
  MODIFY `id` int(10) UNSIGNED NOT NULL AUTO_INCREMENT, AUTO_INCREMENT=36;

--
-- AUTO_INCREMENT cho bảng `order`
--
ALTER TABLE `order`
  MODIFY `id` bigint(20) UNSIGNED NOT NULL AUTO_INCREMENT, AUTO_INCREMENT=75;

--
-- AUTO_INCREMENT cho bảng `order_line`
--
ALTER TABLE `order_line`
  MODIFY `id` bigint(20) UNSIGNED NOT NULL AUTO_INCREMENT, AUTO_INCREMENT=76;

--
-- AUTO_INCREMENT cho bảng `payment`
--
ALTER TABLE `payment`
  MODIFY `id` bigint(20) UNSIGNED NOT NULL AUTO_INCREMENT, AUTO_INCREMENT=75;

--
-- AUTO_INCREMENT cho bảng `personal_access_tokens`
--
ALTER TABLE `personal_access_tokens`
  MODIFY `id` bigint(20) UNSIGNED NOT NULL AUTO_INCREMENT;

--
-- AUTO_INCREMENT cho bảng `products`
--
ALTER TABLE `products`
  MODIFY `id` bigint(20) UNSIGNED NOT NULL AUTO_INCREMENT, AUTO_INCREMENT=21;

--
-- AUTO_INCREMENT cho bảng `products_clone`
--
ALTER TABLE `products_clone`
  MODIFY `id` bigint(20) UNSIGNED NOT NULL AUTO_INCREMENT, AUTO_INCREMENT=15;

--
-- AUTO_INCREMENT cho bảng `promotion`
--
ALTER TABLE `promotion`
  MODIFY `id` bigint(20) UNSIGNED NOT NULL AUTO_INCREMENT, AUTO_INCREMENT=51;

--
-- AUTO_INCREMENT cho bảng `schedule`
--
ALTER TABLE `schedule`
  MODIFY `id` bigint(20) UNSIGNED NOT NULL AUTO_INCREMENT, AUTO_INCREMENT=19;

--
-- AUTO_INCREMENT cho bảng `service`
--
ALTER TABLE `service`
  MODIFY `id` bigint(20) UNSIGNED NOT NULL AUTO_INCREMENT, AUTO_INCREMENT=10;

--
-- AUTO_INCREMENT cho bảng `storage`
--
ALTER TABLE `storage`
  MODIFY `id` bigint(20) UNSIGNED NOT NULL AUTO_INCREMENT, AUTO_INCREMENT=15;

--
-- AUTO_INCREMENT cho bảng `storage_history`
--
ALTER TABLE `storage_history`
  MODIFY `id` bigint(20) UNSIGNED NOT NULL AUTO_INCREMENT, AUTO_INCREMENT=30;

--
-- AUTO_INCREMENT cho bảng `users`
--
ALTER TABLE `users`
  MODIFY `id` bigint(20) UNSIGNED NOT NULL AUTO_INCREMENT, AUTO_INCREMENT=11;
COMMIT;

/*!40101 SET CHARACTER_SET_CLIENT=@OLD_CHARACTER_SET_CLIENT */;
/*!40101 SET CHARACTER_SET_RESULTS=@OLD_CHARACTER_SET_RESULTS */;
/*!40101 SET COLLATION_CONNECTION=@OLD_COLLATION_CONNECTION */;
